"character","ascension","card","cardId","eloRating","peakRating","gamesPlayed","wins","losses","winRate"
"Silent",8,"Adrenaline","CARD.ADRENALINE",1757.9,1757.9,18,17,1,94.4
"Ironclad",0,"Maul","CARD.MAUL",1621.0,1621.0,6,6,0,100.0
"Silent",2,"Piercing Wail","CARD.PIERCING_WAIL",1615.3,1615.3,5,5,0,100.0
"Defect",5,"All For One","CARD.ALL_FOR_ONE",1601.3,1601.3,7,6,1,85.7
"Silent",0,"Piercing Wail","CARD.PIERCING_WAIL",1600.9,1600.9,11,8,3,72.7
"Silent",0,"Flanking","CARD.FLANKING",1597.7,1597.7,5,5,0,100.0
"Defect",8,"Smokestack","CARD.SMOKESTACK",1593.8,1615.9,6,5,1,83.3
"Defect",4,"Uproar","CARD.UPROAR",1590.7,1590.7,4,4,0,100.0
"Regent",1,"Black Hole","CARD.BLACK_HOLE",1589.5,1589.5,4,4,0,100.0
"Defect",7,"Cold Snap","CARD.COLD_SNAP",1589.4,1589.4,3,3,0,100.0
"Regent",1,"Maul","CARD.MAUL",1588.8,1588.8,4,4,0,100.0
"Defect",9,"Null","CARD.NULL",1587.8,1587.8,3,3,0,100.0
"Defect",9,"Apparition","CARD.APPARITION",1587.8,1587.8,3,3,0,100.0
"Silent",6,"Dodge And Roll","CARD.DODGE_AND_ROLL",1583.5,1583.5,3,3,0,100.0
"Defect",4,"Beam Cell","CARD.BEAM_CELL",1581.6,1581.6,5,4,1,80.0
"Silent",7,"Anticipate","CARD.ANTICIPATE",1581.5,1581.5,3,3,0,100.0
"Regent",4,"Begone","CARD.BEGONE",1579.2,1579.2,3,3,0,100.0
"Regent",4,"Manifest Authority","CARD.MANIFEST_AUTHORITY",1579.2,1579.2,3,3,0,100.0
"Defect",6,"Claw","CARD.CLAW",1576.8,1576.8,5,4,1,80.0
"Silent",2,"Dagger Throw","CARD.DAGGER_THROW",1575.4,1575.4,3,3,0,100.0
"Defect",5,"Claw","CARD.CLAW",1574.8,1574.8,14,9,5,64.3
"Silent",2,"Prepared","CARD.PREPARED",1574.7,1574.7,3,3,0,100.0
"Defect",2,"Beam Cell","CARD.BEAM_CELL",1574.2,1574.2,5,4,1,80.0
"Silent",2,"Blade Dance","CARD.BLADE_DANCE",1573.1,1573.1,3,3,0,100.0
"Defect",2,"Claw","CARD.CLAW",1571.4,1573.2,7,5,2,71.4
"Defect",4,"Hotfix","CARD.HOTFIX",1570.2,1577.2,5,4,1,80.0
"Silent",1,"Mirage","CARD.MIRAGE",1570.1,1570.1,3,3,0,100.0
"Regent",1,"Dying Star","CARD.DYING_STAR",1569.8,1569.8,3,3,0,100.0
"Regent",1,"Shining Strike","CARD.SHINING_STRIKE",1569.0,1569.0,3,3,0,100.0
"Defect",10,"Maul","CARD.MAUL",1568.1,1568.1,2,2,0,100.0
"Defect",5,"Regret","CARD.REGRET",1566.0,1566.0,3,3,0,100.0
"Defect",5,"Signal Boost","CARD.SIGNAL_BOOST",1566.0,1566.0,3,3,0,100.0
"Defect",5,"Bulk Up","CARD.BULK_UP",1566.0,1566.0,3,3,0,100.0
"Defect",5,"Ignition","CARD.IGNITION",1566.0,1566.0,3,3,0,100.0
"Defect",1,"Wish","CARD.WISH",1565.9,1565.9,3,3,0,100.0
"Silent",0,"Cloak And Dagger","CARD.CLOAK_AND_DAGGER",1565.7,1565.7,3,3,0,100.0
"Defect",7,"Echo Form","CARD.ECHO_FORM",1564.1,1564.1,2,2,0,100.0
"Defect",5,"Echo Form","CARD.ECHO_FORM",1563.9,1563.9,5,4,1,80.0
"Defect",8,"Ice Lance","CARD.ICE_LANCE",1563.9,1563.9,2,2,0,100.0
"Defect",8,"Storm","CARD.STORM",1563.9,1563.9,2,2,0,100.0
"Defect",7,"Dualcast","CARD.DUALCAST",1562.9,1562.9,2,2,0,100.0
"Defect",7,"Ascenders Bane","CARD.ASCENDERS_BANE",1562.9,1562.9,2,2,0,100.0
"Defect",7,"Hologram","CARD.HOLOGRAM",1562.9,1562.9,2,2,0,100.0
"Defect",7,"Hailstorm","CARD.HAILSTORM",1562.9,1562.9,2,2,0,100.0
"Defect",7,"Spinner","CARD.SPINNER",1562.9,1562.9,2,2,0,100.0
"Defect",7,"Subroutine","CARD.SUBROUTINE",1562.9,1562.9,2,2,0,100.0
"Defect",4,"Go For The Eyes","CARD.GO_FOR_THE_EYES",1561.8,1561.8,4,3,1,75.0
"Defect",7,"Claw","CARD.CLAW",1561.7,1561.7,2,2,0,100.0
"Defect",7,"Boost Away","CARD.BOOST_AWAY",1561.7,1561.7,2,2,0,100.0
"Defect",7,"Turbo","CARD.TURBO",1561.7,1561.7,2,2,0,100.0
"Defect",7,"Smokestack","CARD.SMOKESTACK",1561.7,1561.7,2,2,0,100.0
"Defect",4,"Claw","CARD.CLAW",1560.4,1560.4,6,4,2,66.7
"Silent",8,"Footwork","CARD.FOOTWORK",1560.1,1560.1,2,2,0,100.0
"Silent",8,"Noxious Fumes","CARD.NOXIOUS_FUMES",1560.1,1560.1,2,2,0,100.0
"Ironclad",0,"Anger","CARD.ANGER",1557.7,1604.2,7,5,2,71.4
"Silent",7,"Blur","CARD.BLUR",1556.9,1556.9,2,2,0,100.0
"Silent",7,"Deflect","CARD.DEFLECT",1556.9,1556.9,2,2,0,100.0
"Silent",7,"Acrobatics","CARD.ACROBATICS",1556.9,1556.9,2,2,0,100.0
"Defect",3,"Hotfix","CARD.HOTFIX",1556.9,1556.9,4,3,1,75.0
"Defect",3,"Barrage","CARD.BARRAGE",1556.1,1556.1,4,3,1,75.0
"Necrobinder",2,"Negative Pulse","CARD.NEGATIVE_PULSE",1556.0,1556.0,4,3,1,75.0
"Necrobinder",2,"Wisp","CARD.WISP",1556.0,1556.0,4,3,1,75.0
"Regent",4,"Crush Under","CARD.CRUSH_UNDER",1555.1,1555.1,2,2,0,100.0
"Regent",4,"Largesse","CARD.LARGESSE",1555.1,1555.1,2,2,0,100.0
"Regent",4,"Orbit","CARD.ORBIT",1555.1,1555.1,2,2,0,100.0
"Defect",4,"Momentum Strike","CARD.MOMENTUM_STRIKE",1553.7,1553.7,2,2,0,100.0
"Regent",1,"Astral Pulse","CARD.ASTRAL_PULSE",1553.1,1553.1,4,3,1,75.0
"Ironclad",3,"Armaments","CARD.ARMAMENTS",1552.6,1552.6,2,2,0,100.0
"Ironclad",3,"Thrash","CARD.THRASH",1552.6,1552.6,2,2,0,100.0
"Ironclad",3,"Whirlwind","CARD.WHIRLWIND",1552.6,1552.6,2,2,0,100.0
"Silent",2,"Abrasive","CARD.ABRASIVE",1552.3,1552.3,2,2,0,100.0
"Silent",2,"Expose","CARD.EXPOSE",1552.3,1552.3,2,2,0,100.0
"Silent",2,"Acrobatics","CARD.ACROBATICS",1552.3,1552.3,2,2,0,100.0
"Regent",1,"Crush Under","CARD.CRUSH_UNDER",1552.3,1552.3,4,3,1,75.0
"Defect",2,"Momentum Strike","CARD.MOMENTUM_STRIKE",1551.6,1551.6,2,2,0,100.0
"Defect",2,"Boost Away","CARD.BOOST_AWAY",1551.6,1551.6,2,2,0,100.0
"Defect",3,"Subroutine","CARD.SUBROUTINE",1551.5,1551.5,4,3,1,75.0
"Silent",2,"Survivor","CARD.SURVIVOR",1551.5,1551.5,2,2,0,100.0
"Silent",2,"Escape Plan","CARD.ESCAPE_PLAN",1551.5,1551.5,2,2,0,100.0
"Silent",2,"Backflip","CARD.BACKFLIP",1551.5,1551.5,2,2,0,100.0
"Silent",2,"Calculated Gamble","CARD.CALCULATED_GAMBLE",1551.5,1551.5,2,2,0,100.0
"Silent",2,"Mad Science","CARD.MAD_SCIENCE",1551.5,1551.5,2,2,0,100.0
"Defect",2,"Trash To Treasure","CARD.TRASH_TO_TREASURE",1551.2,1551.2,2,2,0,100.0
"Defect",2,"Reboot","CARD.REBOOT",1551.2,1551.2,2,2,0,100.0
"Defect",2,"Overclock","CARD.OVERCLOCK",1551.2,1551.2,2,2,0,100.0
"Silent",0,"Ricochet","CARD.RICOCHET",1551.0,1551.0,4,3,1,75.0
"Defect",2,"Capacitor","CARD.CAPACITOR",1550.7,1550.7,2,2,0,100.0
"Defect",2,"Hailstorm","CARD.HAILSTORM",1550.7,1550.7,2,2,0,100.0
"Silent",2,"Sucker Punch","CARD.SUCKER_PUNCH",1550.7,1550.7,2,2,0,100.0
"Silent",2,"Flanking","CARD.FLANKING",1550.7,1550.7,2,2,0,100.0
"Defect",4,"Gunk Up","CARD.GUNK_UP",1550.2,1550.2,4,3,1,75.0
"Defect",4,"Overclock","CARD.OVERCLOCK",1549.5,1549.5,2,2,0,100.0
"Defect",4,"Darkness","CARD.DARKNESS",1549.5,1549.5,2,2,0,100.0
"Defect",4,"Hologram","CARD.HOLOGRAM",1549.5,1549.5,2,2,0,100.0
"Defect",4,"Modded","CARD.MODDED",1549.5,1549.5,2,2,0,100.0
"Regent",1,"Genesis","CARD.GENESIS",1549.4,1549.4,2,2,0,100.0
"Regent",1,"Largesse","CARD.LARGESSE",1548.6,1548.6,2,2,0,100.0
"Defect",5,"Scrape","CARD.SCRAPE",1548.1,1548.1,6,4,2,66.7
"Defect",3,"Thunder","CARD.THUNDER",1547.3,1547.3,2,2,0,100.0
"Silent",1,"Tools Of The Trade","CARD.TOOLS_OF_THE_TRADE",1547.3,1547.3,2,2,0,100.0
"Silent",1,"Bouncing Flask","CARD.BOUNCING_FLASK",1547.3,1547.3,2,2,0,100.0
"Ironclad",0,"Hemokinesis","CARD.HEMOKINESIS",1546.3,1546.3,2,2,0,100.0
"Silent",1,"Afterimage","CARD.AFTERIMAGE",1546.2,1546.2,2,2,0,100.0
"Defect",3,"Hailstorm","CARD.HAILSTORM",1545.7,1545.7,4,3,1,75.0
"Defect",4,"Trash To Treasure","CARD.TRASH_TO_TREASURE",1545.6,1545.6,2,2,0,100.0
"Defect",4,"Turbo","CARD.TURBO",1545.2,1545.2,7,4,3,57.1
"Silent",0,"Untouchable","CARD.UNTOUCHABLE",1545.1,1545.1,2,2,0,100.0
"Silent",0,"Knife Trap","CARD.KNIFE_TRAP",1545.1,1545.1,2,2,0,100.0
"Ironclad",0,"Demon Form","CARD.DEMON_FORM",1544.8,1544.8,2,2,0,100.0
"Silent",4,"Dagger Throw","CARD.DAGGER_THROW",1544.4,1544.4,4,3,1,75.0
"Silent",0,"Deflect","CARD.DEFLECT",1544.4,1544.4,6,4,2,66.7
"Defect",4,"Boost Away","CARD.BOOST_AWAY",1544.4,1544.4,7,4,3,57.1
"Defect",5,"Charge Battery","CARD.CHARGE_BATTERY",1543.1,1543.1,6,4,2,66.7
"Defect",5,"Null","CARD.NULL",1542.9,1542.9,2,2,0,100.0
"Necrobinder",0,"Sleight Of Flesh","CARD.SLEIGHT_OF_FLESH",1542.7,1567.0,4,3,1,75.0
"Silent",0,"Sneaky","CARD.SNEAKY",1542.5,1542.5,2,2,0,100.0
"Silent",0,"Finisher","CARD.FINISHER",1542.5,1542.5,2,2,0,100.0
"Silent",4,"Noxious Fumes","CARD.NOXIOUS_FUMES",1542.0,1542.0,2,2,0,100.0
"Silent",0,"Accuracy","CARD.ACCURACY",1541.7,1541.7,2,2,0,100.0
"Silent",5,"Anticipate","CARD.ANTICIPATE",1541.5,1541.5,2,2,0,100.0
"Silent",5,"Flick Flack","CARD.FLICK_FLACK",1541.5,1541.5,2,2,0,100.0
"Silent",0,"Tactician","CARD.TACTICIAN",1541.0,1541.0,4,3,1,75.0
"Necrobinder",0,"Putrefy","CARD.PUTREFY",1540.4,1540.4,2,2,0,100.0
"Defect",4,"Echo Form","CARD.ECHO_FORM",1539.8,1539.8,5,3,2,60.0
"Necrobinder",1,"Defy","CARD.DEFY",1539.2,1539.2,5,3,2,60.0
"Silent",8,"Backflip","CARD.BACKFLIP",1537.1,1537.1,3,2,1,66.7
"Defect",4,"Compact","CARD.COMPACT",1537.1,1537.1,3,2,1,66.7
"Defect",4,"Compile Driver","CARD.COMPILE_DRIVER",1536.9,1536.9,3,2,1,66.7
"Silent",6,"Snakebite","CARD.SNAKEBITE",1536.8,1536.8,3,2,1,66.7
"Defect",10,"Barrage","CARD.BARRAGE",1536.7,1568.1,3,2,1,66.7
"Defect",10,"Energy Surge","CARD.ENERGY_SURGE",1536.0,1536.0,1,1,0,100.0
"Defect",10,"Echo Form","CARD.ECHO_FORM",1536.0,1536.0,1,1,0,100.0
"Defect",10,"Chill","CARD.CHILL",1536.0,1536.0,1,1,0,100.0
"Defect",10,"Multi Cast","CARD.MULTI_CAST",1536.0,1536.0,1,1,0,100.0
"Defect",10,"Supercritical","CARD.SUPERCRITICAL",1536.0,1536.0,1,1,0,100.0
"Defect",10,"Capacitor","CARD.CAPACITOR",1536.0,1536.0,1,1,0,100.0
"Silent",0,"Acrobatics","CARD.ACROBATICS",1535.4,1556.3,12,7,5,58.3
"Defect",3,"Go For The Eyes","CARD.GO_FOR_THE_EYES",1534.4,1534.4,3,2,1,66.7
"Defect",7,"Glacier","CARD.GLACIER",1533.7,1533.7,1,1,0,100.0
"Defect",7,"Compact","CARD.COMPACT",1533.7,1533.7,1,1,0,100.0
"Defect",7,"Hotfix","CARD.HOTFIX",1533.7,1533.7,1,1,0,100.0
"Defect",7,"Gunk Up","CARD.GUNK_UP",1533.7,1533.7,1,1,0,100.0
"Defect",7,"Ultimate Strike","CARD.ULTIMATE_STRIKE",1533.7,1533.7,1,1,0,100.0
"Defect",7,"Double Energy","CARD.DOUBLE_ENERGY",1533.7,1533.7,1,1,0,100.0
"Defect",7,"Apotheosis","CARD.APOTHEOSIS",1533.7,1533.7,1,1,0,100.0
"Defect",7,"Coolheaded","CARD.COOLHEADED",1533.7,1533.7,1,1,0,100.0
"Defect",7,"Uproar","CARD.UPROAR",1533.7,1533.7,1,1,0,100.0
"Defect",7,"Finesse","CARD.FINESSE",1533.7,1533.7,1,1,0,100.0
"Defect",8,"Dual Wield","CARD.DUAL_WIELD",1533.6,1533.6,1,1,0,100.0
"Defect",8,"Greed","CARD.GREED",1533.6,1533.6,1,1,0,100.0
"Defect",8,"Energy Surge","CARD.ENERGY_SURGE",1533.6,1533.6,1,1,0,100.0
"Defect",8,"Iteration","CARD.ITERATION",1533.6,1533.6,1,1,0,100.0
"Defect",8,"Rocket Punch","CARD.ROCKET_PUNCH",1533.6,1533.6,1,1,0,100.0
"Defect",8,"Subroutine","CARD.SUBROUTINE",1533.6,1533.6,1,1,0,100.0
"Defect",8,"Thunder","CARD.THUNDER",1533.6,1533.6,1,1,0,100.0
"Silent",7,"Prepared","CARD.PREPARED",1533.1,1533.1,6,3,3,50.0
"Defect",9,"Go For The Eyes","CARD.GO_FOR_THE_EYES",1532.5,1532.5,1,1,0,100.0
"Defect",9,"Reboot","CARD.REBOOT",1532.5,1532.5,1,1,0,100.0
"Defect",9,"Scavenge","CARD.SCAVENGE",1532.5,1532.5,1,1,0,100.0
"Defect",7,"Greed","CARD.GREED",1532.4,1532.4,1,1,0,100.0
"Defect",7,"Ball Lightning","CARD.BALL_LIGHTNING",1532.4,1532.4,1,1,0,100.0
"Defect",7,"Refract","CARD.REFRACT",1532.4,1532.4,1,1,0,100.0
"Defect",7,"Beam Cell","CARD.BEAM_CELL",1532.4,1532.4,1,1,0,100.0
"Defect",7,"Tracking","CARD.TRACKING",1532.4,1532.4,1,1,0,100.0
"Defect",7,"Strangle","CARD.STRANGLE",1532.4,1532.4,1,1,0,100.0
"Defect",7,"Backflip","CARD.BACKFLIP",1532.4,1532.4,1,1,0,100.0
"Defect",7,"Rocket Punch","CARD.ROCKET_PUNCH",1532.4,1532.4,1,1,0,100.0
"Defect",7,"Darkness","CARD.DARKNESS",1532.4,1532.4,1,1,0,100.0
"Defect",7,"Charge Battery","CARD.CHARGE_BATTERY",1532.4,1532.4,1,1,0,100.0
"Defect",7,"Sunder","CARD.SUNDER",1532.4,1532.4,1,1,0,100.0
"Defect",7,"Machine Learning","CARD.MACHINE_LEARNING",1532.4,1532.4,1,1,0,100.0
"Defect",7,"Lightning Rod","CARD.LIGHTNING_ROD",1532.4,1532.4,1,1,0,100.0
"Silent",3,"Noxious Fumes","CARD.NOXIOUS_FUMES",1532.1,1532.1,5,3,2,60.0
"Silent",8,"Leg Sweep","CARD.LEG_SWEEP",1531.6,1531.6,1,1,0,100.0
"Silent",8,"Piercing Wail","CARD.PIERCING_WAIL",1531.6,1531.6,1,1,0,100.0
"Silent",8,"Greed","CARD.GREED",1531.6,1531.6,1,1,0,100.0
"Silent",8,"Corrosive Wave","CARD.CORROSIVE_WAVE",1531.6,1531.6,1,1,0,100.0
"Silent",8,"Expose","CARD.EXPOSE",1531.6,1531.6,1,1,0,100.0
"Silent",8,"Squash","CARD.SQUASH",1531.6,1531.6,1,1,0,100.0
"Silent",8,"Dagger Throw","CARD.DAGGER_THROW",1531.6,1531.6,1,1,0,100.0
"Silent",8,"Hidden Daggers","CARD.HIDDEN_DAGGERS",1531.6,1531.6,1,1,0,100.0
"Silent",8,"Clumsy","CARD.CLUMSY",1531.6,1531.6,1,1,0,100.0
"Silent",8,"Mad Science","CARD.MAD_SCIENCE",1531.6,1531.6,1,1,0,100.0
"Regent",1,"Hidden Cache","CARD.HIDDEN_CACHE",1531.4,1531.4,3,2,1,66.7
"Defect",3,"Focused Strike","CARD.FOCUSED_STRIKE",1531.0,1581.9,6,4,2,66.7
"Defect",2,"Dualcast","CARD.DUALCAST",1530.8,1530.8,3,2,1,66.7
"Silent",6,"Cloak And Dagger","CARD.CLOAK_AND_DAGGER",1530.6,1530.6,1,1,0,100.0
"Silent",6,"Backflip","CARD.BACKFLIP",1530.6,1530.6,1,1,0,100.0
"Silent",6,"The Hunt","CARD.THE_HUNT",1530.6,1530.6,1,1,0,100.0
"Silent",6,"Poisoned Stab","CARD.POISONED_STAB",1530.6,1530.6,1,1,0,100.0
"Silent",6,"Hand Trick","CARD.HAND_TRICK",1530.6,1530.6,1,1,0,100.0
"Silent",6,"Footwork","CARD.FOOTWORK",1530.6,1530.6,1,1,0,100.0
"Silent",6,"Clash","CARD.CLASH",1530.6,1530.6,1,1,0,100.0
"Silent",6,"Accelerant","CARD.ACCELERANT",1530.6,1530.6,1,1,0,100.0
"Silent",6,"Burst","CARD.BURST",1530.6,1530.6,1,1,0,100.0
"Silent",6,"Master Planner","CARD.MASTER_PLANNER",1530.6,1530.6,1,1,0,100.0
"Silent",6,"Escape Plan","CARD.ESCAPE_PLAN",1530.6,1530.6,1,1,0,100.0
"Silent",6,"Dagger Throw","CARD.DAGGER_THROW",1530.6,1530.6,1,1,0,100.0
"Silent",6,"Backstab","CARD.BACKSTAB",1530.6,1530.6,1,1,0,100.0
"Silent",6,"Bubble Bubble","CARD.BUBBLE_BUBBLE",1530.6,1530.6,1,1,0,100.0
"Silent",6,"Reflex","CARD.REFLEX",1530.6,1530.6,1,1,0,100.0
"Regent",1,"Glow","CARD.GLOW",1530.5,1530.5,3,2,1,66.7
"Defect",5,"Gang Up","CARD.GANG_UP",1530.0,1530.0,1,1,0,100.0
"Defect",5,"Energy Surge","CARD.ENERGY_SURGE",1530.0,1530.0,1,1,0,100.0
"Defect",5,"Machine Learning","CARD.MACHINE_LEARNING",1530.0,1530.0,1,1,0,100.0
"Defect",5,"Genetic Algorithm","CARD.GENETIC_ALGORITHM",1530.0,1530.0,1,1,0,100.0
"Defect",5,"Helix Drill","CARD.HELIX_DRILL",1530.0,1530.0,1,1,0,100.0
"Silent",7,"Untouchable","CARD.UNTOUCHABLE",1529.9,1529.9,1,1,0,100.0
"Silent",7,"Hand Trick","CARD.HAND_TRICK",1529.9,1529.9,1,1,0,100.0
"Silent",7,"Abrasive","CARD.ABRASIVE",1529.9,1529.9,1,1,0,100.0
"Silent",7,"Pinpoint","CARD.PINPOINT",1529.9,1529.9,1,1,0,100.0
"Silent",7,"Malaise","CARD.MALAISE",1529.9,1529.9,1,1,0,100.0
"Silent",7,"Tools Of The Trade","CARD.TOOLS_OF_THE_TRADE",1529.9,1529.9,1,1,0,100.0
"Silent",7,"Strangle","CARD.STRANGLE",1529.9,1529.9,1,1,0,100.0
"Silent",7,"Escape Plan","CARD.ESCAPE_PLAN",1529.9,1529.9,1,1,0,100.0
"Silent",7,"Haze","CARD.HAZE",1529.9,1529.9,1,1,0,100.0
"Defect",5,"Overclock","CARD.OVERCLOCK",1529.9,1529.9,5,3,2,60.0
"Defect",1,"Boost Away","CARD.BOOST_AWAY",1529.6,1529.6,3,2,1,66.7
"Silent",0,"Mad Science","CARD.MAD_SCIENCE",1529.2,1529.2,3,2,1,66.7
"Defect",4,"Capacitor","CARD.CAPACITOR",1529.0,1529.0,3,2,1,66.7
"Regent",4,"Falling Star","CARD.FALLING_STAR",1528.8,1528.8,1,1,0,100.0
"Regent",4,"Venerate","CARD.VENERATE",1528.8,1528.8,1,1,0,100.0
"Regent",4,"Greed","CARD.GREED",1528.8,1528.8,1,1,0,100.0
"Regent",4,"Patter","CARD.PATTER",1528.8,1528.8,1,1,0,100.0
"Regent",4,"Astral Pulse","CARD.ASTRAL_PULSE",1528.8,1528.8,1,1,0,100.0
"Regent",4,"Cosmic Indifference","CARD.COSMIC_INDIFFERENCE",1528.8,1528.8,1,1,0,100.0
"Regent",4,"Crash Landing","CARD.CRASH_LANDING",1528.8,1528.8,1,1,0,100.0
"Regent",4,"Guiding Star","CARD.GUIDING_STAR",1528.8,1528.8,1,1,0,100.0
"Regent",4,"Hidden Cache","CARD.HIDDEN_CACHE",1528.8,1528.8,1,1,0,100.0
"Regent",4,"Heirloom Hammer","CARD.HEIRLOOM_HAMMER",1528.8,1528.8,1,1,0,100.0
"Regent",4,"Glow","CARD.GLOW",1528.8,1528.8,1,1,0,100.0
"Regent",4,"Pillar Of Creation","CARD.PILLAR_OF_CREATION",1528.8,1528.8,1,1,0,100.0
"Regent",4,"Dark Shackles","CARD.DARK_SHACKLES",1528.8,1528.8,1,1,0,100.0
"Regent",4,"Monologue","CARD.MONOLOGUE",1528.8,1528.8,1,1,0,100.0
"Regent",4,"Comet","CARD.COMET",1528.8,1528.8,1,1,0,100.0
"Regent",4,"Collision Course","CARD.COLLISION_COURSE",1528.8,1528.8,1,1,0,100.0
"Ironclad",0,"Molten Fist","CARD.MOLTEN_FIST",1528.4,1528.4,3,2,1,66.7
"Defect",4,"Buffer","CARD.BUFFER",1528.1,1528.1,1,1,0,100.0
"Defect",4,"Storm","CARD.STORM",1528.1,1528.1,1,1,0,100.0
"Defect",4,"Refract","CARD.REFRACT",1528.1,1528.1,1,1,0,100.0
"Defect",4,"Focused Strike","CARD.FOCUSED_STRIKE",1528.1,1528.1,1,1,0,100.0
"Defect",4,"Production","CARD.PRODUCTION",1528.1,1528.1,1,1,0,100.0
"Defect",4,"Consuming Shadow","CARD.CONSUMING_SHADOW",1528.1,1528.1,1,1,0,100.0
"Defect",4,"Biased Cognition","CARD.BIASED_COGNITION",1528.1,1528.1,1,1,0,100.0
"Defect",4,"Metamorphosis","CARD.METAMORPHOSIS",1528.1,1528.1,1,1,0,100.0
"Defect",4,"Rainbow","CARD.RAINBOW",1528.1,1528.1,1,1,0,100.0
"Defect",4,"Clumsy","CARD.CLUMSY",1528.1,1528.1,1,1,0,100.0
"Silent",0,"Adrenaline","CARD.ADRENALINE",1527.9,1527.9,3,2,1,66.7
"Silent",0,"Fan Of Knives","CARD.FAN_OF_KNIVES",1527.6,1527.6,3,2,1,66.7
"Ironclad",3,"Howl From Beyond","CARD.HOWL_FROM_BEYOND",1527.4,1527.4,1,1,0,100.0
"Ironclad",3,"Pommel Strike","CARD.POMMEL_STRIKE",1527.4,1527.4,1,1,0,100.0
"Ironclad",3,"Cruelty","CARD.CRUELTY",1527.4,1527.4,1,1,0,100.0
"Ironclad",3,"Infernal Blade","CARD.INFERNAL_BLADE",1527.4,1527.4,1,1,0,100.0
"Ironclad",3,"Shrug It Off","CARD.SHRUG_IT_OFF",1527.4,1527.4,1,1,0,100.0
"Ironclad",3,"Sword Boomerang","CARD.SWORD_BOOMERANG",1527.4,1527.4,1,1,0,100.0
"Ironclad",3,"Tremble","CARD.TREMBLE",1527.4,1527.4,1,1,0,100.0
"Ironclad",3,"Purity","CARD.PURITY",1527.4,1527.4,1,1,0,100.0
"Ironclad",3,"Headbutt","CARD.HEADBUTT",1527.4,1527.4,1,1,0,100.0
"Ironclad",3,"Enlightenment","CARD.ENLIGHTENMENT",1527.4,1527.4,1,1,0,100.0
"Ironclad",3,"Metamorphosis","CARD.METAMORPHOSIS",1527.4,1527.4,1,1,0,100.0
"Ironclad",3,"Conflagration","CARD.CONFLAGRATION",1527.4,1527.4,1,1,0,100.0
"Ironclad",3,"Fiend Fire","CARD.FIEND_FIRE",1527.4,1527.4,1,1,0,100.0
"Ironclad",3,"Burning Pact","CARD.BURNING_PACT",1527.4,1527.4,1,1,0,100.0
"Ironclad",3,"Rupture","CARD.RUPTURE",1527.4,1527.4,1,1,0,100.0
"Ironclad",3,"Drum Of Battle","CARD.DRUM_OF_BATTLE",1527.4,1527.4,1,1,0,100.0
"Ironclad",3,"True Grit","CARD.TRUE_GRIT",1527.4,1527.4,1,1,0,100.0
"Ironclad",3,"Production","CARD.PRODUCTION",1527.4,1527.4,1,1,0,100.0
"Ironclad",3,"Clumsy","CARD.CLUMSY",1527.4,1527.4,1,1,0,100.0
"Silent",2,"The Hunt","CARD.THE_HUNT",1527.2,1527.2,1,1,0,100.0
"Silent",2,"Memento Mori","CARD.MEMENTO_MORI",1527.2,1527.2,1,1,0,100.0
"Silent",2,"Flick Flack","CARD.FLICK_FLACK",1527.2,1527.2,1,1,0,100.0
"Silent",2,"Echoing Slash","CARD.ECHOING_SLASH",1527.2,1527.2,1,1,0,100.0
"Silent",2,"Ricochet","CARD.RICOCHET",1527.2,1527.2,1,1,0,100.0
"Silent",2,"Poisoned Stab","CARD.POISONED_STAB",1527.2,1527.2,1,1,0,100.0
"Silent",2,"Hidden Daggers","CARD.HIDDEN_DAGGERS",1527.2,1527.2,1,1,0,100.0
"Silent",2,"Leg Sweep","CARD.LEG_SWEEP",1527.2,1527.2,1,1,0,100.0
"Silent",2,"Snakebite","CARD.SNAKEBITE",1527.2,1527.2,1,1,0,100.0
"Silent",2,"Dramatic Entrance","CARD.DRAMATIC_ENTRANCE",1527.2,1527.2,1,1,0,100.0
"Silent",2,"Tools Of The Trade","CARD.TOOLS_OF_THE_TRADE",1527.2,1527.2,1,1,0,100.0
"Silent",2,"Speedster","CARD.SPEEDSTER",1527.2,1527.2,1,1,0,100.0
"Silent",2,"Strangle","CARD.STRANGLE",1527.2,1527.2,1,1,0,100.0
"Silent",2,"Master Planner","CARD.MASTER_PLANNER",1527.2,1527.2,1,1,0,100.0
"Defect",8,"Adaptive Strike","CARD.ADAPTIVE_STRIKE",1526.9,1526.9,1,1,0,100.0
"Defect",8,"Distraction","CARD.DISTRACTION",1526.9,1526.9,1,1,0,100.0
"Defect",8,"Scrape","CARD.SCRAPE",1526.9,1526.9,1,1,0,100.0
"Defect",8,"Buffer","CARD.BUFFER",1526.9,1526.9,1,1,0,100.0
"Defect",8,"Helix Drill","CARD.HELIX_DRILL",1526.9,1526.9,1,1,0,100.0
"Defect",8,"Mad Science","CARD.MAD_SCIENCE",1526.9,1526.9,1,1,0,100.0
"Defect",3,"Capacitor","CARD.CAPACITOR",1526.9,1526.9,3,2,1,66.7
"Defect",2,"Coolheaded","CARD.COOLHEADED",1526.8,1526.8,1,1,0,100.0
"Defect",2,"Bulk Up","CARD.BULK_UP",1526.8,1526.8,1,1,0,100.0
"Defect",2,"Genetic Algorithm","CARD.GENETIC_ALGORITHM",1526.8,1526.8,1,1,0,100.0
"Defect",2,"Iteration","CARD.ITERATION",1526.8,1526.8,1,1,0,100.0
"Defect",2,"Rocket Punch","CARD.ROCKET_PUNCH",1526.8,1526.8,1,1,0,100.0
"Defect",2,"Meteor Strike","CARD.METEOR_STRIKE",1526.8,1526.8,1,1,0,100.0
"Defect",2,"Exterminate","CARD.EXTERMINATE",1526.8,1526.8,1,1,0,100.0
"Defect",2,"Scrape","CARD.SCRAPE",1526.8,1526.8,1,1,0,100.0
"Defect",2,"Turbo","CARD.TURBO",1526.8,1526.8,1,1,0,100.0
"Defect",2,"Compact","CARD.COMPACT",1526.8,1526.8,1,1,0,100.0
"Defect",2,"Ftl","CARD.FTL",1526.8,1526.8,1,1,0,100.0
"Defect",2,"Mad Science","CARD.MAD_SCIENCE",1526.8,1526.8,1,1,0,100.0
"Silent",1,"Outbreak","CARD.OUTBREAK",1526.7,1548.5,3,2,1,66.7
"Silent",2,"Afterimage","CARD.AFTERIMAGE",1526.4,1526.4,1,1,0,100.0
"Silent",2,"Phantom Blades","CARD.PHANTOM_BLADES",1526.4,1526.4,1,1,0,100.0
"Silent",2,"Deflect","CARD.DEFLECT",1526.4,1526.4,1,1,0,100.0
"Silent",2,"Malaise","CARD.MALAISE",1526.4,1526.4,1,1,0,100.0
"Silent",2,"Leading Strike","CARD.LEADING_STRIKE",1526.4,1526.4,1,1,0,100.0
"Silent",2,"Squash","CARD.SQUASH",1526.4,1526.4,1,1,0,100.0
"Silent",2,"Believe In You","CARD.BELIEVE_IN_YOU",1526.4,1526.4,1,1,0,100.0
"Silent",2,"Assassinate","CARD.ASSASSINATE",1526.4,1526.4,1,1,0,100.0
"Silent",2,"Accuracy","CARD.ACCURACY",1526.4,1526.4,1,1,0,100.0
"Defect",2,"Coordinate","CARD.COORDINATE",1526.4,1526.4,1,1,0,100.0
"Defect",2,"Sweeping Beam","CARD.SWEEPING_BEAM",1526.4,1526.4,1,1,0,100.0
"Defect",2,"Glacier","CARD.GLACIER",1526.4,1526.4,1,1,0,100.0
"Defect",2,"Storm","CARD.STORM",1526.4,1526.4,1,1,0,100.0
"Defect",2,"Glasswork","CARD.GLASSWORK",1526.4,1526.4,1,1,0,100.0
"Defect",2,"Squash","CARD.SQUASH",1526.4,1526.4,1,1,0,100.0
"Defect",2,"Thinking Ahead","CARD.THINKING_AHEAD",1526.4,1526.4,1,1,0,100.0
"Defect",2,"Shatter","CARD.SHATTER",1526.4,1526.4,1,1,0,100.0
"Defect",2,"Charge Battery","CARD.CHARGE_BATTERY",1526.4,1526.4,1,1,0,100.0
"Defect",2,"Null","CARD.NULL",1526.4,1526.4,1,1,0,100.0
"Defect",2,"Go For The Eyes","CARD.GO_FOR_THE_EYES",1526.4,1526.4,1,1,0,100.0
"Defect",2,"Leap","CARD.LEAP",1526.4,1526.4,1,1,0,100.0
"Defect",2,"Uproar","CARD.UPROAR",1526.4,1526.4,1,1,0,100.0
"Defect",2,"Skim","CARD.SKIM",1526.4,1526.4,1,1,0,100.0
"Defect",2,"Chaos","CARD.CHAOS",1526.4,1526.4,1,1,0,100.0
"Defect",2,"Creative Ai","CARD.CREATIVE_AI",1526.4,1526.4,1,1,0,100.0
"Defect",2,"White Noise","CARD.WHITE_NOISE",1526.4,1526.4,1,1,0,100.0
"Defect",2,"Tesla Coil","CARD.TESLA_COIL",1526.4,1526.4,1,1,0,100.0
"Defect",2,"Loop","CARD.LOOP",1526.4,1526.4,1,1,0,100.0
"Defect",6,"Buffer","CARD.BUFFER",1526.3,1526.3,1,1,0,100.0
"Defect",6,"Dramatic Entrance","CARD.DRAMATIC_ENTRANCE",1526.3,1526.3,1,1,0,100.0
"Defect",5,"Iteration","CARD.ITERATION",1526.2,1526.2,5,3,2,60.0
"Defect",3,"Chaos","CARD.CHAOS",1526.0,1526.0,1,1,0,100.0
"Defect",3,"Darkness","CARD.DARKNESS",1526.0,1526.0,1,1,0,100.0
"Defect",3,"Coolant","CARD.COOLANT",1526.0,1526.0,1,1,0,100.0
"Defect",3,"Helix Drill","CARD.HELIX_DRILL",1526.0,1526.0,1,1,0,100.0
"Regent",1,"Crescent Spear","CARD.CRESCENT_SPEAR",1525.7,1525.7,1,1,0,100.0
"Regent",1,"Jack Of All Trades","CARD.JACK_OF_ALL_TRADES",1525.7,1525.7,1,1,0,100.0
"Regent",1,"Radiate","CARD.RADIATE",1525.7,1525.7,1,1,0,100.0
"Regent",1,"Photon Cut","CARD.PHOTON_CUT",1525.7,1525.7,1,1,0,100.0
"Regent",1,"Monologue","CARD.MONOLOGUE",1525.7,1525.7,1,1,0,100.0
"Regent",1,"Tyranny","CARD.TYRANNY",1525.7,1525.7,1,1,0,100.0
"Regent",1,"Cloak Of Stars","CARD.CLOAK_OF_STARS",1525.7,1525.7,1,1,0,100.0
"Defect",6,"Chill","CARD.CHILL",1525.5,1525.5,1,1,0,100.0
"Defect",6,"Ball Lightning","CARD.BALL_LIGHTNING",1525.5,1525.5,1,1,0,100.0
"Defect",6,"Modded","CARD.MODDED",1525.5,1525.5,1,1,0,100.0
"Defect",6,"Energy Surge","CARD.ENERGY_SURGE",1525.5,1525.5,1,1,0,100.0
"Defect",6,"Ignition","CARD.IGNITION",1525.5,1525.5,1,1,0,100.0
"Defect",6,"Coolant","CARD.COOLANT",1525.5,1525.5,1,1,0,100.0
"Defect",6,"Skim","CARD.SKIM",1525.5,1525.5,1,1,0,100.0
"Defect",0,"White Noise","CARD.WHITE_NOISE",1525.5,1525.5,3,2,1,66.7
"Necrobinder",2,"Deathbringer","CARD.DEATHBRINGER",1525.4,1525.4,1,1,0,100.0
"Necrobinder",2,"Fear","CARD.FEAR",1525.4,1525.4,1,1,0,100.0
"Necrobinder",2,"Debilitate","CARD.DEBILITATE",1525.4,1525.4,1,1,0,100.0
"Necrobinder",2,"Spur","CARD.SPUR",1525.4,1525.4,1,1,0,100.0
"Necrobinder",2,"Neurosurge","CARD.NEUROSURGE",1525.4,1525.4,1,1,0,100.0
"Necrobinder",2,"Countdown","CARD.COUNTDOWN",1525.4,1525.4,1,1,0,100.0
"Necrobinder",2,"Sow","CARD.SOW",1525.4,1525.4,1,1,0,100.0
"Necrobinder",2,"Drain Power","CARD.DRAIN_POWER",1525.4,1525.4,1,1,0,100.0
"Necrobinder",2,"Oblivion","CARD.OBLIVION",1525.4,1525.4,1,1,0,100.0
"Necrobinder",2,"Reaper Form","CARD.REAPER_FORM",1525.4,1525.4,1,1,0,100.0
"Necrobinder",2,"End Of Days","CARD.END_OF_DAYS",1525.4,1525.4,1,1,0,100.0
"Necrobinder",2,"Right Hand Hand","CARD.RIGHT_HAND_HAND",1525.4,1525.4,1,1,0,100.0
"Necrobinder",2,"Putrefy","CARD.PUTREFY",1525.4,1525.4,1,1,0,100.0
"Necrobinder",2,"Borrowed Time","CARD.BORROWED_TIME",1525.4,1525.4,1,1,0,100.0
"Silent",0,"Backstab","CARD.BACKSTAB",1525.3,1525.3,3,2,1,66.7
"Silent",1,"Strangle","CARD.STRANGLE",1525.2,1525.2,1,1,0,100.0
"Silent",1,"Sneaky","CARD.SNEAKY",1525.2,1525.2,1,1,0,100.0
"Silent",1,"Envenom","CARD.ENVENOM",1525.2,1525.2,1,1,0,100.0
"Silent",1,"Accelerant","CARD.ACCELERANT",1525.2,1525.2,1,1,0,100.0
"Silent",1,"Apotheosis","CARD.APOTHEOSIS",1525.2,1525.2,1,1,0,100.0
"Silent",1,"Flanking","CARD.FLANKING",1525.2,1525.2,1,1,0,100.0
"Silent",3,"Footwork","CARD.FOOTWORK",1525.0,1525.0,1,1,0,100.0
"Silent",3,"Distraction","CARD.DISTRACTION",1525.0,1525.0,1,1,0,100.0
"Silent",3,"Shadowmeld","CARD.SHADOWMELD",1525.0,1525.0,1,1,0,100.0
"Silent",3,"Mirage","CARD.MIRAGE",1525.0,1525.0,1,1,0,100.0
"Silent",3,"Outbreak","CARD.OUTBREAK",1525.0,1525.0,1,1,0,100.0
"Silent",3,"Burst","CARD.BURST",1525.0,1525.0,1,1,0,100.0
"Silent",3,"Blur","CARD.BLUR",1525.0,1525.0,1,1,0,100.0
"Silent",3,"Accelerant","CARD.ACCELERANT",1525.0,1525.0,1,1,0,100.0
"Defect",5,"Rocket Punch","CARD.ROCKET_PUNCH",1525.0,1557.3,3,2,1,66.7
"Regent",1,"Gamma Blast","CARD.GAMMA_BLAST",1524.8,1524.8,1,1,0,100.0
"Regent",1,"Bombardment","CARD.BOMBARDMENT",1524.8,1524.8,1,1,0,100.0
"Regent",1,"Big Bang","CARD.BIG_BANG",1524.8,1524.8,1,1,0,100.0
"Regent",1,"Royal Gamble","CARD.ROYAL_GAMBLE",1524.8,1524.8,1,1,0,100.0
"Regent",1,"Know Thy Place","CARD.KNOW_THY_PLACE",1524.8,1524.8,1,1,0,100.0
"Regent",1,"Child Of The Stars","CARD.CHILD_OF_THE_STARS",1524.8,1524.8,1,1,0,100.0
"Regent",1,"Orbit","CARD.ORBIT",1524.8,1524.8,1,1,0,100.0
"Regent",1,"Alignment","CARD.ALIGNMENT",1524.8,1524.8,1,1,0,100.0
"Regent",1,"Furnace","CARD.FURNACE",1524.8,1524.8,1,1,0,100.0
"Defect",9,"Toric Toughness","CARD.TORIC_TOUGHNESS",1524.4,1524.4,1,1,0,100.0
"Defect",9,"Adaptive Strike","CARD.ADAPTIVE_STRIKE",1524.4,1524.4,1,1,0,100.0
"Necrobinder",0,"Hang","CARD.HANG",1524.0,1524.0,1,1,0,100.0
"Necrobinder",0,"No Escape","CARD.NO_ESCAPE",1524.0,1524.0,1,1,0,100.0
"Necrobinder",0,"Believe In You","CARD.BELIEVE_IN_YOU",1524.0,1524.0,1,1,0,100.0
"Necrobinder",0,"Shroud","CARD.SHROUD",1524.0,1524.0,1,1,0,100.0
"Ironclad",0,"Gang Up","CARD.GANG_UP",1524.0,1524.0,1,1,0,100.0
"Ironclad",0,"Shrug It Off","CARD.SHRUG_IT_OFF",1524.0,1524.0,1,1,0,100.0
"Ironclad",0,"Primal Force","CARD.PRIMAL_FORCE",1524.0,1524.0,1,1,0,100.0
"Ironclad",0,"Finesse","CARD.FINESSE",1524.0,1524.0,1,1,0,100.0
"Ironclad",0,"Rampage","CARD.RAMPAGE",1524.0,1524.0,1,1,0,100.0
"Ironclad",0,"Conflagration","CARD.CONFLAGRATION",1524.0,1524.0,1,1,0,100.0
"Ironclad",0,"Thinking Ahead","CARD.THINKING_AHEAD",1524.0,1524.0,1,1,0,100.0
"Ironclad",0,"Setup Strike","CARD.SETUP_STRIKE",1524.0,1524.0,1,1,0,100.0
"Silent",1,"Escape Plan","CARD.ESCAPE_PLAN",1524.0,1524.0,1,1,0,100.0
"Silent",1,"Anticipate","CARD.ANTICIPATE",1524.0,1524.0,1,1,0,100.0
"Silent",1,"Speedster","CARD.SPEEDSTER",1524.0,1524.0,1,1,0,100.0
"Silent",1,"Eternal Armor","CARD.ETERNAL_ARMOR",1524.0,1524.0,1,1,0,100.0
"Silent",1,"Backstab","CARD.BACKSTAB",1524.0,1524.0,1,1,0,100.0
"Silent",1,"Knife Trap","CARD.KNIFE_TRAP",1524.0,1524.0,1,1,0,100.0
"Silent",1,"Mad Science","CARD.MAD_SCIENCE",1524.0,1524.0,1,1,0,100.0
"Necrobinder",1,"Sleight Of Flesh","CARD.SLEIGHT_OF_FLESH",1524.0,1524.0,1,1,0,100.0
"Necrobinder",1,"Capture Spirit","CARD.CAPTURE_SPIRIT",1524.0,1524.0,1,1,0,100.0
"Necrobinder",1,"Scourge","CARD.SCOURGE",1524.0,1524.0,1,1,0,100.0
"Necrobinder",1,"Blight Strike","CARD.BLIGHT_STRIKE",1524.0,1524.0,1,1,0,100.0
"Necrobinder",1,"Drain Power","CARD.DRAIN_POWER",1524.0,1524.0,1,1,0,100.0
"Necrobinder",1,"Lethality","CARD.LETHALITY",1524.0,1524.0,1,1,0,100.0
"Necrobinder",1,"End Of Days","CARD.END_OF_DAYS",1524.0,1524.0,1,1,0,100.0
"Necrobinder",1,"Graveblast","CARD.GRAVEBLAST",1524.0,1524.0,1,1,0,100.0
"Necrobinder",1,"Seance","CARD.SEANCE",1524.0,1524.0,1,1,0,100.0
"Necrobinder",1,"Wisp","CARD.WISP",1524.0,1524.0,1,1,0,100.0
"Necrobinder",1,"Mad Science","CARD.MAD_SCIENCE",1524.0,1524.0,1,1,0,100.0
"Necrobinder",1,"Enfeebling Touch","CARD.ENFEEBLING_TOUCH",1524.0,1524.0,1,1,0,100.0
"Defect",4,"Rocket Punch","CARD.ROCKET_PUNCH",1523.8,1523.8,1,1,0,100.0
"Defect",4,"Charge Battery","CARD.CHARGE_BATTERY",1523.8,1523.8,1,1,0,100.0
"Defect",4,"Synthesis","CARD.SYNTHESIS",1523.8,1523.8,1,1,0,100.0
"Defect",4,"Signal Boost","CARD.SIGNAL_BOOST",1523.8,1523.8,1,1,0,100.0
"Defect",4,"Decay","CARD.DECAY",1523.8,1523.8,1,1,0,100.0
"Defect",4,"Mad Science","CARD.MAD_SCIENCE",1523.8,1523.8,1,1,0,100.0
"Silent",0,"Peck","CARD.PECK",1523.8,1523.8,1,1,0,100.0
"Silent",0,"Assassinate","CARD.ASSASSINATE",1523.8,1523.8,1,1,0,100.0
"Silent",0,"Afterimage","CARD.AFTERIMAGE",1523.8,1523.8,1,1,0,100.0
"Silent",0,"Ultimate Strike","CARD.ULTIMATE_STRIKE",1523.8,1523.8,1,1,0,100.0
"Silent",0,"Regret","CARD.REGRET",1523.8,1523.8,1,1,0,100.0
"Silent",0,"Bubble Bubble","CARD.BUBBLE_BUBBLE",1523.8,1523.8,1,1,0,100.0
"Silent",0,"Grand Finale","CARD.GRAND_FINALE",1523.8,1523.8,1,1,0,100.0
"Silent",0,"Strangle","CARD.STRANGLE",1523.8,1523.8,1,1,0,100.0
"Silent",0,"Reflex","CARD.REFLEX",1523.8,1523.8,1,1,0,100.0
"Silent",0,"Accelerant","CARD.ACCELERANT",1523.8,1523.8,1,1,0,100.0
"Defect",8,"Turbo","CARD.TURBO",1523.7,1563.9,3,2,1,66.7
"Defect",1,"Adaptive Strike","CARD.ADAPTIVE_STRIKE",1523.7,1523.7,1,1,0,100.0
"Defect",1,"Ice Lance","CARD.ICE_LANCE",1523.7,1523.7,1,1,0,100.0
"Defect",1,"Reboot","CARD.REBOOT",1523.7,1523.7,1,1,0,100.0
"Defect",1,"Supercritical","CARD.SUPERCRITICAL",1523.7,1523.7,1,1,0,100.0
"Defect",1,"Trash To Treasure","CARD.TRASH_TO_TREASURE",1523.7,1523.7,1,1,0,100.0
"Defect",1,"Injury","CARD.INJURY",1523.7,1523.7,1,1,0,100.0
"Defect",1,"Defragment","CARD.DEFRAGMENT",1523.7,1523.7,1,1,0,100.0
"Defect",1,"All For One","CARD.ALL_FOR_ONE",1523.7,1523.7,1,1,0,100.0
"Defect",1,"Thunder","CARD.THUNDER",1523.7,1523.7,1,1,0,100.0
"Defect",1,"Signal Boost","CARD.SIGNAL_BOOST",1523.7,1523.7,1,1,0,100.0
"Defect",3,"Believe In You","CARD.BELIEVE_IN_YOU",1523.2,1523.2,1,1,0,100.0
"Defect",3,"Voltaic","CARD.VOLTAIC",1523.2,1523.2,1,1,0,100.0
"Defect",3,"Null","CARD.NULL",1523.2,1523.2,1,1,0,100.0
"Defect",3,"Metamorphosis","CARD.METAMORPHOSIS",1523.2,1523.2,1,1,0,100.0
"Silent",0,"Phantom Blades","CARD.PHANTOM_BLADES",1523.0,1523.0,1,1,0,100.0
"Silent",0,"Hidden Daggers","CARD.HIDDEN_DAGGERS",1523.0,1523.0,1,1,0,100.0
"Silent",0,"Exterminate","CARD.EXTERMINATE",1523.0,1523.0,1,1,0,100.0
"Defect",5,"Trash To Treasure","CARD.TRASH_TO_TREASURE",1522.6,1522.6,5,3,2,60.0
"Ironclad",0,"Armaments","CARD.ARMAMENTS",1522.5,1522.5,1,1,0,100.0
"Ironclad",0,"Offering","CARD.OFFERING",1522.5,1522.5,1,1,0,100.0
"Ironclad",0,"Inflame","CARD.INFLAME",1522.5,1522.5,1,1,0,100.0
"Ironclad",0,"Brand","CARD.BRAND",1522.5,1522.5,1,1,0,100.0
"Ironclad",0,"Stone Armor","CARD.STONE_ARMOR",1522.5,1522.5,1,1,0,100.0
"Ironclad",0,"Hegemony","CARD.HEGEMONY",1522.5,1522.5,1,1,0,100.0
"Ironclad",0,"Ultimate Defend","CARD.ULTIMATE_DEFEND",1522.5,1522.5,1,1,0,100.0
"Ironclad",0,"Folly","CARD.FOLLY",1522.5,1522.5,1,1,0,100.0
"Defect",5,"Boot Sequence","CARD.BOOT_SEQUENCE",1522.4,1522.4,1,1,0,100.0
"Silent",4,"Leading Strike","CARD.LEADING_STRIKE",1521.9,1521.9,1,1,0,100.0
"Silent",4,"Precise Cut","CARD.PRECISE_CUT",1521.9,1521.9,1,1,0,100.0
"Silent",4,"Dodge And Roll","CARD.DODGE_AND_ROLL",1521.9,1521.9,1,1,0,100.0
"Silent",4,"Hand Trick","CARD.HAND_TRICK",1521.9,1521.9,1,1,0,100.0
"Silent",4,"Escape Plan","CARD.ESCAPE_PLAN",1521.9,1521.9,1,1,0,100.0
"Silent",4,"Deflect","CARD.DEFLECT",1521.9,1521.9,1,1,0,100.0
"Silent",4,"Blade Of Ink","CARD.BLADE_OF_INK",1521.9,1521.9,1,1,0,100.0
"Silent",4,"Assassinate","CARD.ASSASSINATE",1521.9,1521.9,1,1,0,100.0
"Silent",4,"Clumsy","CARD.CLUMSY",1521.9,1521.9,1,1,0,100.0
"Silent",5,"Outbreak","CARD.OUTBREAK",1521.7,1521.7,1,1,0,100.0
"Silent",5,"Acrobatics","CARD.ACROBATICS",1521.7,1521.7,1,1,0,100.0
"Silent",5,"Burst","CARD.BURST",1521.7,1521.7,1,1,0,100.0
"Silent",5,"Accuracy","CARD.ACCURACY",1521.7,1521.7,1,1,0,100.0
"Silent",5,"Well Laid Plans","CARD.WELL_LAID_PLANS",1521.7,1521.7,1,1,0,100.0
"Silent",5,"Footwork","CARD.FOOTWORK",1521.7,1521.7,1,1,0,100.0
"Silent",5,"Accelerant","CARD.ACCELERANT",1521.7,1521.7,1,1,0,100.0
"Defect",0,"Boost Away","CARD.BOOST_AWAY",1521.6,1521.6,1,1,0,100.0
"Defect",0,"Echo Form","CARD.ECHO_FORM",1521.6,1521.6,1,1,0,100.0
"Defect",0,"Voltaic","CARD.VOLTAIC",1521.6,1521.6,1,1,0,100.0
"Defect",0,"Multi Cast","CARD.MULTI_CAST",1521.6,1521.6,1,1,0,100.0
"Defect",0,"Consuming Shadow","CARD.CONSUMING_SHADOW",1521.6,1521.6,1,1,0,100.0
"Defect",0,"Buffer","CARD.BUFFER",1521.6,1521.6,1,1,0,100.0
"Defect",0,"Iteration","CARD.ITERATION",1521.6,1521.6,1,1,0,100.0
"Defect",0,"Whistle","CARD.WHISTLE",1521.6,1521.6,1,1,0,100.0
"Defect",4,"Dualcast","CARD.DUALCAST",1521.3,1521.3,6,3,3,50.0
"Silent",5,"Calculated Gamble","CARD.CALCULATED_GAMBLE",1520.8,1520.8,3,2,1,66.7
"Silent",5,"Hidden Daggers","CARD.HIDDEN_DAGGERS",1520.8,1520.8,3,2,1,66.7
"Silent",5,"Noxious Fumes","CARD.NOXIOUS_FUMES",1520.8,1520.8,3,2,1,66.7
"Silent",0,"Follow Through","CARD.FOLLOW_THROUGH",1520.2,1520.2,1,1,0,100.0
"Silent",0,"Precise Cut","CARD.PRECISE_CUT",1520.2,1520.2,1,1,0,100.0
"Silent",0,"Gang Up","CARD.GANG_UP",1520.2,1520.2,1,1,0,100.0
"Silent",0,"Burst","CARD.BURST",1520.2,1520.2,1,1,0,100.0
"Silent",4,"Snakebite","CARD.SNAKEBITE",1520.0,1520.0,3,2,1,66.7
"Necrobinder",2,"Relax","CARD.RELAX",1518.7,1518.7,4,2,2,50.0
"Defect",5,"Uproar","CARD.UPROAR",1518.6,1518.6,3,2,1,66.7
"Necrobinder",0,"Thinking Ahead","CARD.THINKING_AHEAD",1518.1,1518.1,1,1,0,100.0
"Silent",0,"Blade Dance","CARD.BLADE_DANCE",1518.0,1520.5,8,4,4,50.0
"Defect",4,"Loop","CARD.LOOP",1517.2,1517.2,4,2,2,50.0
"Necrobinder",1,"Right Hand Hand","CARD.RIGHT_HAND_HAND",1516.8,1516.8,4,2,2,50.0
"Silent",8,"Snakebite","CARD.SNAKEBITE",1516.5,1516.5,4,2,2,50.0
"Silent",0,"Expose","CARD.EXPOSE",1516.5,1523.8,6,3,3,50.0
"Silent",7,"Dodge And Roll","CARD.DODGE_AND_ROLL",1514.9,1514.9,4,2,2,50.0
"Defect",8,"Boost Away","CARD.BOOST_AWAY",1514.5,1563.9,7,4,3,57.1
"Defect",5,"Go For The Eyes","CARD.GO_FOR_THE_EYES",1514.2,1514.2,6,3,3,50.0
"Silent",1,"Acrobatics","CARD.ACROBATICS",1514.0,1548.5,6,3,3,50.0
"Silent",1,"Poisoned Stab","CARD.POISONED_STAB",1512.9,1525.2,4,2,2,50.0
"Defect",6,"Momentum Strike","CARD.MOMENTUM_STRIKE",1511.8,1548.7,3,2,1,66.7
"Defect",0,"Focused Strike","CARD.FOCUSED_STRIKE",1511.4,1511.4,4,2,2,50.0
"Defect",4,"Chill","CARD.CHILL",1509.8,1509.8,2,1,1,50.0
"Defect",4,"Smokestack","CARD.SMOKESTACK",1509.8,1509.8,2,1,1,50.0
"Defect",4,"Sweeping Beam","CARD.SWEEPING_BEAM",1509.7,1509.7,2,1,1,50.0
"Defect",4,"Coolheaded","CARD.COOLHEADED",1509.6,1509.6,2,1,1,50.0
"Defect",4,"Iteration","CARD.ITERATION",1509.6,1509.6,2,1,1,50.0
"Defect",4,"Defragment","CARD.DEFRAGMENT",1509.6,1509.6,2,1,1,50.0
"Defect",5,"Capacitor","CARD.CAPACITOR",1509.4,1509.4,4,2,2,50.0
"Defect",10,"Focused Strike","CARD.FOCUSED_STRIKE",1509.4,1536.0,2,1,1,50.0
"Defect",10,"Darkness","CARD.DARKNESS",1509.4,1536.0,2,1,1,50.0
"Defect",10,"Charge Battery","CARD.CHARGE_BATTERY",1509.4,1536.0,2,1,1,50.0
"Defect",10,"Lightning Rod","CARD.LIGHTNING_ROD",1509.4,1536.0,2,1,1,50.0
"Defect",10,"Chaos","CARD.CHAOS",1509.4,1536.0,2,1,1,50.0
"Defect",10,"Glasswork","CARD.GLASSWORK",1509.4,1536.0,2,1,1,50.0
"Defect",10,"Defragment","CARD.DEFRAGMENT",1509.4,1536.0,2,1,1,50.0
"Defect",3,"Rocket Punch","CARD.ROCKET_PUNCH",1509.2,1509.2,2,1,1,50.0
"Defect",3,"Scavenge","CARD.SCAVENGE",1509.2,1509.2,2,1,1,50.0
"Silent",7,"Master Planner","CARD.MASTER_PLANNER",1508.8,1508.8,2,1,1,50.0
"Silent",4,"Poisoned Stab","CARD.POISONED_STAB",1508.7,1508.7,4,2,2,50.0
"Defect",2,"Hologram","CARD.HOLOGRAM",1508.5,1508.5,2,1,1,50.0
"Defect",2,"Feral","CARD.FERAL",1508.5,1508.5,2,1,1,50.0
"Necrobinder",2,"Unleash","CARD.UNLEASH",1508.4,1508.4,2,1,1,50.0
"Necrobinder",2,"Flatten","CARD.FLATTEN",1508.4,1508.4,2,1,1,50.0
"Defect",3,"Loop","CARD.LOOP",1508.3,1508.3,2,1,1,50.0
"Defect",3,"Machine Learning","CARD.MACHINE_LEARNING",1508.2,1508.2,2,1,1,50.0
"Defect",3,"Storm","CARD.STORM",1508.2,1508.2,2,1,1,50.0
"Defect",3,"Clumsy","CARD.CLUMSY",1508.2,1508.2,2,1,1,50.0
"Necrobinder",0,"Negative Pulse","CARD.NEGATIVE_PULSE",1508.1,1620.8,11,6,5,54.5
"Defect",10,"Mad Science","CARD.MAD_SCIENCE",1508.0,1536.0,2,1,1,50.0
"Defect",10,"Hologram","CARD.HOLOGRAM",1508.0,1536.0,2,1,1,50.0
"Silent",7,"Poisoned Stab","CARD.POISONED_STAB",1507.9,1507.9,2,1,1,50.0
"Silent",7,"Calculated Gamble","CARD.CALCULATED_GAMBLE",1507.9,1507.9,2,1,1,50.0
"Necrobinder",2,"Bone Shards","CARD.BONE_SHARDS",1507.6,1507.6,2,1,1,50.0
"Necrobinder",1,"Misery","CARD.MISERY",1507.5,1507.5,2,1,1,50.0
"Necrobinder",1,"Haunt","CARD.HAUNT",1507.5,1507.5,2,1,1,50.0
"Necrobinder",1,"Bone Shards","CARD.BONE_SHARDS",1507.5,1507.5,2,1,1,50.0
"Necrobinder",1,"High Five","CARD.HIGH_FIVE",1507.5,1507.5,2,1,1,50.0
"Silent",0,"Poisoned Stab","CARD.POISONED_STAB",1507.4,1507.4,2,1,1,50.0
"Silent",0,"Haze","CARD.HAZE",1507.4,1507.4,2,1,1,50.0
"Defect",1,"White Noise","CARD.WHITE_NOISE",1507.4,1507.4,2,1,1,50.0
"Necrobinder",1,"Dirge","CARD.DIRGE",1507.3,1507.3,2,1,1,50.0
"Defect",10,"Cold Snap","CARD.COLD_SNAP",1507.2,1568.1,4,2,2,50.0
"Silent",1,"Snakebite","CARD.SNAKEBITE",1507.2,1507.2,2,1,1,50.0
"Silent",1,"Hand Trick","CARD.HAND_TRICK",1507.2,1507.2,2,1,1,50.0
"Silent",1,"Dagger Throw","CARD.DAGGER_THROW",1507.2,1507.2,2,1,1,50.0
"Defect",1,"Buffer","CARD.BUFFER",1506.9,1506.9,2,1,1,50.0
"Silent",6,"Survivor","CARD.SURVIVOR",1506.8,1506.8,2,1,1,50.0
"Silent",6,"Ascenders Bane","CARD.ASCENDERS_BANE",1506.8,1506.8,2,1,1,50.0
"Silent",6,"Prepared","CARD.PREPARED",1506.8,1506.8,2,1,1,50.0
"Silent",6,"Tactician","CARD.TACTICIAN",1506.8,1506.8,2,1,1,50.0
"Ironclad",0,"Pyre","CARD.PYRE",1506.8,1506.8,2,1,1,50.0
"Silent",1,"Corrosive Wave","CARD.CORROSIVE_WAVE",1506.7,1525.2,2,1,1,50.0
"Silent",0,"Envenom","CARD.ENVENOM",1506.7,1506.7,2,1,1,50.0
"Defect",6,"Bulk Up","CARD.BULK_UP",1506.5,1506.5,2,1,1,50.0
"Defect",1,"Hotfix","CARD.HOTFIX",1506.4,1506.4,2,1,1,50.0
"Regent",1,"Venerate","CARD.VENERATE",1506.2,1506.2,2,1,1,50.0
"Silent",8,"Survivor","CARD.SURVIVOR",1506.2,1506.2,2,1,1,50.0
"Silent",8,"Ascenders Bane","CARD.ASCENDERS_BANE",1506.2,1506.2,2,1,1,50.0
"Silent",8,"Deadly Poison","CARD.DEADLY_POISON",1506.2,1506.2,2,1,1,50.0
"Silent",8,"Prepared","CARD.PREPARED",1506.2,1506.2,2,1,1,50.0
"Silent",8,"Acrobatics","CARD.ACROBATICS",1506.2,1506.2,2,1,1,50.0
"Silent",8,"Ricochet","CARD.RICOCHET",1506.2,1506.2,2,1,1,50.0
"Silent",8,"Dodge And Roll","CARD.DODGE_AND_ROLL",1506.2,1506.2,2,1,1,50.0
"Silent",8,"Haze","CARD.HAZE",1506.2,1506.2,2,1,1,50.0
"Silent",8,"Flick Flack","CARD.FLICK_FLACK",1506.2,1506.2,2,1,1,50.0
"Defect",1,"Coolant","CARD.COOLANT",1506.1,1506.1,2,1,1,50.0
"Silent",0,"Infinite Blades","CARD.INFINITE_BLADES",1505.8,1505.8,2,1,1,50.0
"Defect",6,"Scrape","CARD.SCRAPE",1505.7,1505.7,2,1,1,50.0
"Defect",9,"Refract","CARD.REFRACT",1505.7,1505.7,2,1,1,50.0
"Defect",9,"Leap","CARD.LEAP",1505.7,1505.7,2,1,1,50.0
"Defect",4,"Ball Lightning","CARD.BALL_LIGHTNING",1505.7,1528.1,2,1,1,50.0
"Defect",0,"Tempest","CARD.TEMPEST",1505.6,1505.6,2,1,1,50.0
"Ironclad",0,"Evil Eye","CARD.EVIL_EYE",1505.6,1505.6,2,1,1,50.0
"Defect",4,"Subroutine","CARD.SUBROUTINE",1505.5,1505.5,2,1,1,50.0
"Defect",0,"Subroutine","CARD.SUBROUTINE",1505.5,1505.5,2,1,1,50.0
"Defect",4,"Fight Through","CARD.FIGHT_THROUGH",1505.4,1505.4,2,1,1,50.0
"Defect",4,"Boot Sequence","CARD.BOOT_SEQUENCE",1505.4,1505.4,2,1,1,50.0
"Ironclad",0,"Stomp","CARD.STOMP",1505.3,1546.3,4,2,2,50.0
"Regent",1,"Falling Star","CARD.FALLING_STAR",1505.2,1505.2,2,1,1,50.0
"Silent",1,"Leg Sweep","CARD.LEG_SWEEP",1504.8,1504.8,2,1,1,50.0
"Silent",0,"Shadow Step","CARD.SHADOW_STEP",1504.5,1523.8,2,1,1,50.0
"Defect",2,"Ball Lightning","CARD.BALL_LIGHTNING",1504.5,1550.7,4,2,2,50.0
"Defect",0,"Loop","CARD.LOOP",1504.2,1504.2,2,1,1,50.0
"Defect",0,"Fusion","CARD.FUSION",1504.1,1504.1,2,1,1,50.0
"Defect",0,"Scrape","CARD.SCRAPE",1504.1,1504.1,2,1,1,50.0
"Defect",0,"Creative Ai","CARD.CREATIVE_AI",1504.1,1504.1,2,1,1,50.0
"Defect",0,"Chill","CARD.CHILL",1504.1,1504.1,2,1,1,50.0
"Defect",0,"Coolant","CARD.COOLANT",1503.9,1503.9,2,1,1,50.0
"Silent",7,"Ricochet","CARD.RICOCHET",1503.6,1503.6,5,2,3,40.0
"Defect",8,"Go For The Eyes","CARD.GO_FOR_THE_EYES",1503.4,1533.6,4,2,2,50.0
"Ironclad",3,"Bloodletting","CARD.BLOODLETTING",1503.1,1503.1,2,1,1,50.0
"Ironclad",3,"Havoc","CARD.HAVOC",1503.1,1503.1,2,1,1,50.0
"Defect",6,"Boot Sequence","CARD.BOOT_SEQUENCE",1503.1,1503.1,2,1,1,50.0
"Silent",3,"Calculated Gamble","CARD.CALCULATED_GAMBLE",1503.1,1503.1,2,1,1,50.0
"Silent",3,"Backstab","CARD.BACKSTAB",1503.1,1503.1,2,1,1,50.0
"Silent",3,"Dodge And Roll","CARD.DODGE_AND_ROLL",1503.1,1503.1,2,1,1,50.0
"Silent",3,"Clumsy","CARD.CLUMSY",1503.1,1503.1,2,1,1,50.0
"Silent",4,"Afterimage","CARD.AFTERIMAGE",1502.9,1502.9,2,1,1,50.0
"Silent",4,"Flick Flack","CARD.FLICK_FLACK",1502.9,1502.9,2,1,1,50.0
"Silent",4,"Backflip","CARD.BACKFLIP",1502.9,1502.9,2,1,1,50.0
"Silent",4,"Adrenaline","CARD.ADRENALINE",1502.9,1502.9,2,1,1,50.0
"Necrobinder",0,"Times Up","CARD.TIMES_UP",1502.8,1524.0,2,1,1,50.0
"Necrobinder",0,"Debilitate","CARD.DEBILITATE",1502.6,1524.0,2,1,1,50.0
"Silent",0,"Tools Of The Trade","CARD.TOOLS_OF_THE_TRADE",1502.5,1520.2,2,1,1,50.0
"Silent",1,"Tactician","CARD.TACTICIAN",1502.5,1525.2,2,1,1,50.0
"Defect",6,"Echo Form","CARD.ECHO_FORM",1502.4,1502.4,2,1,1,50.0
"Defect",3,"Claw","CARD.CLAW",1502.1,1544.5,4,2,2,50.0
"Silent",3,"Backflip","CARD.BACKFLIP",1502.1,1502.1,2,1,1,50.0
"Silent",3,"Anticipate","CARD.ANTICIPATE",1502.1,1502.1,2,1,1,50.0
"Defect",8,"Focused Strike","CARD.FOCUSED_STRIKE",1502.1,1533.6,2,1,1,50.0
"Silent",3,"Dagger Spray","CARD.DAGGER_SPRAY",1501.9,1501.9,2,1,1,50.0
"Silent",3,"Acrobatics","CARD.ACROBATICS",1501.9,1501.9,2,1,1,50.0
"Defect",1,"Genetic Algorithm","CARD.GENETIC_ALGORITHM",1501.8,1501.8,2,1,1,50.0
"Defect",1,"Capacitor","CARD.CAPACITOR",1501.8,1501.8,2,1,1,50.0
"Silent",7,"Dagger Throw","CARD.DAGGER_THROW",1501.8,1501.8,2,1,1,50.0
"Defect",4,"Cold Snap","CARD.COLD_SNAP",1501.8,1528.1,2,1,1,50.0
"Silent",0,"Leading Strike","CARD.LEADING_STRIKE",1501.7,1526.8,7,3,4,42.9
"Defect",3,"White Noise","CARD.WHITE_NOISE",1500.9,1523.2,2,1,1,50.0
"Defect",6,"Thunder","CARD.THUNDER",1500.7,1525.5,2,1,1,50.0
"Defect",8,"Chill","CARD.CHILL",1499.8,1500.0,2,1,1,50.0
"Silent",5,"Expose","CARD.EXPOSE",1499.0,1500.0,2,1,1,50.0
"Silent",5,"Bubble Bubble","CARD.BUBBLE_BUBBLE",1499.0,1500.0,2,1,1,50.0
"Silent",5,"Corrosive Wave","CARD.CORROSIVE_WAVE",1499.0,1500.0,2,1,1,50.0
"Silent",5,"Adrenaline","CARD.ADRENALINE",1499.0,1500.0,2,1,1,50.0
"Necrobinder",0,"Parse","CARD.PARSE",1498.7,1524.0,2,1,1,50.0
"Silent",5,"Envenom","CARD.ENVENOM",1498.7,1500.0,2,1,1,50.0
"Silent",4,"Prepared","CARD.PREPARED",1498.4,1500.0,7,3,4,42.9
"Silent",4,"Anticipate","CARD.ANTICIPATE",1497.8,1500.0,2,1,1,50.0
"Defect",5,"Flak Cannon","CARD.FLAK_CANNON",1497.6,1500.0,2,1,1,50.0
"Defect",8,"Lightning Rod","CARD.LIGHTNING_ROD",1497.6,1533.6,4,2,2,50.0
"Defect",5,"Ice Lance","CARD.ICE_LANCE",1497.3,1500.0,2,1,1,50.0
"Defect",9,"Ice Lance","CARD.ICE_LANCE",1497.1,1532.5,2,1,1,50.0
"Ironclad",0,"Spite","CARD.SPITE",1497.1,1524.0,5,2,3,40.0
"Silent",1,"Calculated Gamble","CARD.CALCULATED_GAMBLE",1496.7,1525.2,8,3,5,37.5
"Defect",6,"Fight Through","CARD.FIGHT_THROUGH",1496.7,1525.5,2,1,1,50.0
"Defect",9,"Chill","CARD.CHILL",1496.4,1500.0,2,1,1,50.0
"Defect",8,"Overclock","CARD.OVERCLOCK",1496.3,1533.6,2,1,1,50.0
"Defect",8,"Ftl","CARD.FTL",1496.2,1500.0,2,1,1,50.0
"Defect",9,"Loop","CARD.LOOP",1495.9,1500.0,2,1,1,50.0
"Defect",6,"Charge Battery","CARD.CHARGE_BATTERY",1495.9,1530.7,6,3,3,50.0
"Defect",9,"Beam Cell","CARD.BEAM_CELL",1495.4,1500.0,2,1,1,50.0
"Defect",9,"All For One","CARD.ALL_FOR_ONE",1495.4,1500.0,2,1,1,50.0
"Defect",5,"Compact","CARD.COMPACT",1495.0,1500.0,7,3,4,42.9
"Silent",0,"Expertise","CARD.EXPERTISE",1494.7,1520.2,2,1,1,50.0
"Silent",1,"Sucker Punch","CARD.SUCKER_PUNCH",1494.5,1500.0,3,1,2,33.3
"Silent",5,"The Hunt","CARD.THE_HUNT",1494.3,1500.0,2,1,1,50.0
"Defect",8,"Loop","CARD.LOOP",1494.2,1500.0,2,1,1,50.0
"Silent",1,"Prepared","CARD.PREPARED",1494.0,1525.2,5,2,3,40.0
"Defect",9,"Charge Battery","CARD.CHARGE_BATTERY",1493.5,1536.7,6,3,3,50.0
"Silent",5,"Haze","CARD.HAZE",1493.4,1500.0,2,1,1,50.0
"Defect",3,"Lightning Rod","CARD.LIGHTNING_ROD",1493.3,1523.2,5,2,3,40.0
"Defect",9,"Boot Sequence","CARD.BOOT_SEQUENCE",1493.2,1500.0,4,2,2,50.0
"Defect",4,"Scrape","CARD.SCRAPE",1493.0,1500.0,3,1,2,33.3
"Defect",3,"Scrape","CARD.SCRAPE",1492.5,1523.2,5,2,3,40.0
"Defect",6,"Clumsy","CARD.CLUMSY",1492.4,1525.5,2,1,1,50.0
"Necrobinder",1,"Reave","CARD.REAVE",1492.2,1500.0,3,1,2,33.3
"Silent",1,"Adrenaline","CARD.ADRENALINE",1492.0,1500.0,3,1,2,33.3
"Silent",0,"Dagger Throw","CARD.DAGGER_THROW",1492.0,1500.0,3,1,2,33.3
"Necrobinder",2,"Bodyguard","CARD.BODYGUARD",1491.9,1500.0,3,1,2,33.3
"Necrobinder",2,"The Scythe","CARD.THE_SCYTHE",1491.9,1500.0,3,1,2,33.3
"Necrobinder",2,"Defy","CARD.DEFY",1491.9,1500.0,3,1,2,33.3
"Ironclad",0,"Whirlwind","CARD.WHIRLWIND",1491.4,1500.0,6,2,4,33.3
"Defect",1,"Lightning Rod","CARD.LIGHTNING_ROD",1491.1,1500.0,3,1,2,33.3
"Ironclad",0,"Body Slam","CARD.BODY_SLAM",1490.6,1500.0,3,1,2,33.3
"Defect",1,"Modded","CARD.MODDED",1490.2,1500.0,3,1,2,33.3
"Defect",0,"Double Energy","CARD.DOUBLE_ENERGY",1489.4,1500.0,3,1,2,33.3
"Silent",0,"Tracking","CARD.TRACKING",1489.3,1523.8,3,1,2,33.3
"Silent",7,"Noxious Fumes","CARD.NOXIOUS_FUMES",1488.9,1500.0,3,1,2,33.3
"Silent",7,"Hidden Daggers","CARD.HIDDEN_DAGGERS",1488.1,1500.0,3,1,2,33.3
"Defect",0,"Genetic Algorithm","CARD.GENETIC_ALGORITHM",1488.1,1500.0,3,1,2,33.3
"Defect",0,"Uproar","CARD.UPROAR",1487.8,1500.0,3,1,2,33.3
"Defect",0,"Sweeping Beam","CARD.SWEEPING_BEAM",1487.8,1500.0,3,1,2,33.3
"Defect",6,"Ftl","CARD.FTL",1487.7,1500.0,3,1,2,33.3
"Silent",0,"Sucker Punch","CARD.SUCKER_PUNCH",1487.5,1500.0,3,1,2,33.3
"Ironclad",0,"Thrash","CARD.THRASH",1487.4,1524.0,3,1,2,33.3
"Ironclad",0,"Pommel Strike","CARD.POMMEL_STRIKE",1487.4,1524.0,3,1,2,33.3
"Defect",9,"Greed","CARD.GREED",1487.3,1532.5,2,1,1,50.0
"Necrobinder",0,"Fetch","CARD.FETCH",1487.0,1500.0,3,1,2,33.3
"Defect",1,"Spinner","CARD.SPINNER",1486.8,1500.0,3,1,2,33.3
"Necrobinder",1,"Unleash","CARD.UNLEASH",1486.6,1500.0,3,1,2,33.3
"Necrobinder",1,"Pull Aggro","CARD.PULL_AGGRO",1486.6,1500.0,3,1,2,33.3
"Defect",4,"Barrage","CARD.BARRAGE",1485.7,1500.0,3,1,2,33.3
"Necrobinder",0,"Oblivion","CARD.OBLIVION",1485.6,1500.0,3,1,2,33.3
"Silent",4,"Accelerant","CARD.ACCELERANT",1485.5,1500.0,3,1,2,33.3
"Defect",10,"Shadow Shield","CARD.SHADOW_SHIELD",1484.2,1536.0,3,1,2,33.3
"Defect",6,"Overclock","CARD.OVERCLOCK",1484.0,1500.0,3,1,2,33.3
"Defect",6,"Leap","CARD.LEAP",1483.9,1500.0,3,1,2,33.3
"Ironclad",0,"Uppercut","CARD.UPPERCUT",1483.8,1500.0,1,0,1,0.0
"Ironclad",0,"Juggling","CARD.JUGGLING",1483.8,1500.0,1,0,1,0.0
"Ironclad",0,"Havoc","CARD.HAVOC",1483.8,1500.0,1,0,1,0.0
"Silent",0,"Debt","CARD.DEBT",1483.8,1500.0,1,0,1,0.0
"Ironclad",0,"Burning Pact","CARD.BURNING_PACT",1483.7,1500.0,1,0,1,0.0
"Ironclad",0,"Brightest Flame","CARD.BRIGHTEST_FLAME",1483.7,1500.0,1,0,1,0.0
"Ironclad",0,"Howl From Beyond","CARD.HOWL_FROM_BEYOND",1483.7,1500.0,1,0,1,0.0
"Necrobinder",0,"Eradicate","CARD.ERADICATE",1483.6,1500.0,1,0,1,0.0
"Necrobinder",0,"Dirge","CARD.DIRGE",1483.5,1500.0,1,0,1,0.0
"Necrobinder",0,"Spur","CARD.SPUR",1483.5,1500.0,1,0,1,0.0
"Necrobinder",0,"Melancholy","CARD.MELANCHOLY",1483.5,1500.0,1,0,1,0.0
"Necrobinder",0,"Reaper Form","CARD.REAPER_FORM",1483.5,1500.0,1,0,1,0.0
"Necrobinder",0,"Exterminate","CARD.EXTERMINATE",1483.5,1500.0,1,0,1,0.0
"Silent",7,"Backflip","CARD.BACKFLIP",1483.4,1500.0,3,1,2,33.3
"Silent",1,"Storm Of Steel","CARD.STORM_OF_STEEL",1483.4,1500.0,1,0,1,0.0
"Silent",1,"Dagger Spray","CARD.DAGGER_SPRAY",1483.4,1500.0,1,0,1,0.0
"Silent",1,"Accuracy","CARD.ACCURACY",1483.4,1500.0,1,0,1,0.0
"Silent",0,"Survivor","CARD.SURVIVOR",1483.3,1520.2,10,4,6,40.0
"Defect",3,"Cold Snap","CARD.COLD_SNAP",1483.3,1523.2,3,1,2,33.3
"Defect",3,"Sweeping Beam","CARD.SWEEPING_BEAM",1483.3,1523.2,3,1,2,33.3
"Regent",0,"Monologue","CARD.MONOLOGUE",1483.1,1500.0,1,0,1,0.0
"Regent",0,"Gold Axe","CARD.GOLD_AXE",1483.1,1500.0,1,0,1,0.0
"Regent",0,"Crash Landing","CARD.CRASH_LANDING",1483.1,1500.0,1,0,1,0.0
"Ironclad",0,"Greed","CARD.GREED",1483.1,1500.0,1,0,1,0.0
"Ironclad",0,"Dominate","CARD.DOMINATE",1483.1,1500.0,1,0,1,0.0
"Ironclad",0,"Exterminate","CARD.EXTERMINATE",1483.1,1500.0,1,0,1,0.0
"Defect",0,"Capacitor","CARD.CAPACITOR",1482.8,1500.0,1,0,1,0.0
"Defect",0,"Byrd Swoop","CARD.BYRD_SWOOP",1482.8,1500.0,1,0,1,0.0
"Defect",0,"Shatter","CARD.SHATTER",1482.8,1500.0,1,0,1,0.0
"Defect",0,"Defragment","CARD.DEFRAGMENT",1482.8,1500.0,1,0,1,0.0
"Regent",0,"Furnace","CARD.FURNACE",1482.8,1500.0,1,0,1,0.0
"Regent",0,"Seeking Edge","CARD.SEEKING_EDGE",1482.8,1500.0,1,0,1,0.0
"Silent",4,"Piercing Wail","CARD.PIERCING_WAIL",1482.7,1500.0,3,1,2,33.3
"Silent",4,"Tactician","CARD.TACTICIAN",1482.7,1500.0,3,1,2,33.3
"Defect",0,"Rainbow","CARD.RAINBOW",1482.6,1500.0,1,0,1,0.0
"Defect",0,"All For One","CARD.ALL_FOR_ONE",1482.6,1500.0,1,0,1,0.0
"Ironclad",0,"True Grit","CARD.TRUE_GRIT",1482.5,1500.0,1,0,1,0.0
"Silent",3,"Snakebite","CARD.SNAKEBITE",1482.5,1500.0,3,1,2,33.3
"Silent",0,"Leg Sweep","CARD.LEG_SWEEP",1482.4,1500.0,1,0,1,0.0
"Silent",0,"Greed","CARD.GREED",1482.4,1500.0,1,0,1,0.0
"Silent",0,"Deadly Poison","CARD.DEADLY_POISON",1482.4,1500.0,1,0,1,0.0
"Silent",0,"Footwork","CARD.FOOTWORK",1482.4,1500.0,1,0,1,0.0
"Silent",0,"Speedster","CARD.SPEEDSTER",1482.4,1500.0,1,0,1,0.0
"Silent",0,"Nightmare","CARD.NIGHTMARE",1482.4,1500.0,1,0,1,0.0
"Silent",0,"Storm Of Steel","CARD.STORM_OF_STEEL",1482.4,1500.0,1,0,1,0.0
"Defect",1,"Peck","CARD.PECK",1482.4,1500.0,1,0,1,0.0
"Defect",1,"Hailstorm","CARD.HAILSTORM",1482.4,1500.0,1,0,1,0.0
"Defect",1,"Feral","CARD.FERAL",1482.4,1500.0,1,0,1,0.0
"Silent",1,"Poor Sleep","CARD.POOR_SLEEP",1482.3,1500.0,1,0,1,0.0
"Silent",1,"Tracking","CARD.TRACKING",1482.3,1500.0,1,0,1,0.0
"Silent",1,"Metamorphosis","CARD.METAMORPHOSIS",1482.3,1500.0,1,0,1,0.0
"Necrobinder",1,"Snap","CARD.SNAP",1482.2,1500.0,1,0,1,0.0
"Necrobinder",1,"Severance","CARD.SEVERANCE",1482.2,1500.0,1,0,1,0.0
"Necrobinder",1,"Pull From Below","CARD.PULL_FROM_BELOW",1482.2,1500.0,1,0,1,0.0
"Necrobinder",1,"Undeath","CARD.UNDEATH",1482.2,1500.0,1,0,1,0.0
"Necrobinder",1,"Necro Mastery","CARD.NECRO_MASTERY",1482.2,1500.0,1,0,1,0.0
"Necrobinder",1,"Protector","CARD.PROTECTOR",1482.2,1500.0,1,0,1,0.0
"Necrobinder",1,"Spur","CARD.SPUR",1482.2,1500.0,1,0,1,0.0
"Defect",5,"Subroutine","CARD.SUBROUTINE",1482.1,1500.0,8,3,5,37.5
"Necrobinder",1,"Reap","CARD.REAP",1482.0,1500.0,1,0,1,0.0
"Necrobinder",1,"Neurosurge","CARD.NEUROSURGE",1482.0,1500.0,1,0,1,0.0
"Necrobinder",1,"Defile","CARD.DEFILE",1482.0,1500.0,1,0,1,0.0
"Necrobinder",1,"Death March","CARD.DEATH_MARCH",1482.0,1500.0,1,0,1,0.0
"Necrobinder",1,"Footwork","CARD.FOOTWORK",1482.0,1500.0,1,0,1,0.0
"Necrobinder",1,"Debilitate","CARD.DEBILITATE",1482.0,1500.0,1,0,1,0.0
"Necrobinder",1,"Sic Em","CARD.SIC_EM",1482.0,1500.0,1,0,1,0.0
"Necrobinder",1,"Dredge","CARD.DREDGE",1482.0,1500.0,1,0,1,0.0
"Necrobinder",1,"Bury","CARD.BURY",1482.0,1500.0,1,0,1,0.0
"Necrobinder",1,"Soul Storm","CARD.SOUL_STORM",1482.0,1500.0,1,0,1,0.0
"Necrobinder",1,"Friendship","CARD.FRIENDSHIP",1482.0,1500.0,1,0,1,0.0
"Necrobinder",1,"Devour Life","CARD.DEVOUR_LIFE",1482.0,1500.0,1,0,1,0.0
"Regent",0,"Seven Stars","CARD.SEVEN_STARS",1481.9,1500.0,1,0,1,0.0
"Regent",0,"Decisions Decisions","CARD.DECISIONS_DECISIONS",1481.9,1500.0,1,0,1,0.0
"Regent",0,"Convergence","CARD.CONVERGENCE",1481.9,1500.0,1,0,1,0.0
"Regent",0,"Genesis","CARD.GENESIS",1481.9,1500.0,1,0,1,0.0
"Regent",0,"Comet","CARD.COMET",1481.9,1500.0,1,0,1,0.0
"Regent",0,"The Sealed Throne","CARD.THE_SEALED_THRONE",1481.9,1500.0,1,0,1,0.0
"Regent",0,"Charge","CARD.CHARGE",1481.9,1500.0,1,0,1,0.0
"Regent",0,"Production","CARD.PRODUCTION",1481.9,1500.0,1,0,1,0.0
"Regent",0,"Hand Of Greed","CARD.HAND_OF_GREED",1481.9,1500.0,1,0,1,0.0
"Defect",1,"Splash","CARD.SPLASH",1481.9,1500.0,1,0,1,0.0
"Defect",1,"Chill","CARD.CHILL",1481.9,1500.0,1,0,1,0.0
"Defect",1,"Momentum Strike","CARD.MOMENTUM_STRIKE",1481.9,1500.0,1,0,1,0.0
"Defect",1,"Iteration","CARD.ITERATION",1481.9,1500.0,1,0,1,0.0
"Defect",1,"Storm","CARD.STORM",1481.9,1500.0,1,0,1,0.0
"Defect",1,"Double Energy","CARD.DOUBLE_ENERGY",1481.9,1500.0,1,0,1,0.0
"Silent",1,"Ricochet","CARD.RICOCHET",1481.8,1500.0,1,0,1,0.0
"Silent",1,"Well Laid Plans","CARD.WELL_LAID_PLANS",1481.8,1500.0,1,0,1,0.0
"Silent",1,"Suppress","CARD.SUPPRESS",1481.8,1500.0,1,0,1,0.0
"Silent",1,"Serpent Form","CARD.SERPENT_FORM",1481.8,1500.0,1,0,1,0.0
"Silent",1,"Blur","CARD.BLUR",1481.8,1500.0,1,0,1,0.0
"Necrobinder",0,"Severance","CARD.SEVERANCE",1481.8,1500.0,1,0,1,0.0
"Ironclad",0,"Rage","CARD.RAGE",1481.8,1500.0,1,0,1,0.0
"Ironclad",0,"Cascade","CARD.CASCADE",1481.8,1500.0,1,0,1,0.0
"Ironclad",0,"Tremble","CARD.TREMBLE",1481.8,1500.0,1,0,1,0.0
"Silent",1,"Flick Flack","CARD.FLICK_FLACK",1481.7,1570.1,10,4,6,40.0
"Defect",3,"Momentum Strike","CARD.MOMENTUM_STRIKE",1481.6,1500.0,1,0,1,0.0
"Defect",3,"Overclock","CARD.OVERCLOCK",1481.6,1500.0,1,0,1,0.0
"Defect",3,"Boot Sequence","CARD.BOOT_SEQUENCE",1481.6,1500.0,1,0,1,0.0
"Defect",3,"Genetic Algorithm","CARD.GENETIC_ALGORITHM",1481.6,1500.0,1,0,1,0.0
"Defect",3,"Reboot","CARD.REBOOT",1481.6,1500.0,1,0,1,0.0
"Necrobinder",2,"Seance","CARD.SEANCE",1481.5,1500.0,1,0,1,0.0
"Necrobinder",2,"Friendship","CARD.FRIENDSHIP",1481.5,1500.0,1,0,1,0.0
"Necrobinder",2,"Haunt","CARD.HAUNT",1481.5,1500.0,1,0,1,0.0
"Necrobinder",2,"Shroud","CARD.SHROUD",1481.5,1500.0,1,0,1,0.0
"Defect",3,"Tempest","CARD.TEMPEST",1481.4,1523.2,3,1,2,33.3
"Defect",3,"Spinner","CARD.SPINNER",1481.4,1523.2,3,1,2,33.3
"Defect",1,"Subroutine","CARD.SUBROUTINE",1481.3,1500.0,1,0,1,0.0
"Defect",1,"Greed","CARD.GREED",1481.3,1500.0,1,0,1,0.0
"Defect",1,"Multi Cast","CARD.MULTI_CAST",1481.3,1500.0,1,0,1,0.0
"Defect",1,"Smokestack","CARD.SMOKESTACK",1481.3,1500.0,1,0,1,0.0
"Defect",1,"Dark Shackles","CARD.DARK_SHACKLES",1481.3,1500.0,1,0,1,0.0
"Defect",1,"Machine Learning","CARD.MACHINE_LEARNING",1481.3,1500.0,1,0,1,0.0
"Defect",0,"Machine Learning","CARD.MACHINE_LEARNING",1481.3,1500.0,1,0,1,0.0
"Defect",8,"Boot Sequence","CARD.BOOT_SEQUENCE",1481.2,1500.0,3,1,2,33.3
"Defect",1,"Null","CARD.NULL",1481.0,1500.0,1,0,1,0.0
"Defect",0,"Neows Fury","CARD.NEOWS_FURY",1481.0,1500.0,1,0,1,0.0
"Defect",0,"Charge Battery","CARD.CHARGE_BATTERY",1481.0,1500.0,1,0,1,0.0
"Defect",0,"Shadow Shield","CARD.SHADOW_SHIELD",1481.0,1500.0,1,0,1,0.0
"Defect",0,"Doubt","CARD.DOUBT",1481.0,1500.0,1,0,1,0.0
"Regent",0,"Arsenal","CARD.ARSENAL",1480.7,1500.0,1,0,1,0.0
"Regent",0,"Heirloom Hammer","CARD.HEIRLOOM_HAMMER",1480.7,1500.0,1,0,1,0.0
"Regent",0,"Dark Shackles","CARD.DARK_SHACKLES",1480.7,1500.0,1,0,1,0.0
"Necrobinder",2,"Defile","CARD.DEFILE",1480.7,1500.0,1,0,1,0.0
"Necrobinder",2,"Devour Life","CARD.DEVOUR_LIFE",1480.7,1500.0,1,0,1,0.0
"Necrobinder",2,"Protector","CARD.PROTECTOR",1480.7,1500.0,1,0,1,0.0
"Necrobinder",2,"Graveblast","CARD.GRAVEBLAST",1480.7,1500.0,1,0,1,0.0
"Necrobinder",2,"Metamorphosis","CARD.METAMORPHOSIS",1480.7,1500.0,1,0,1,0.0
"Necrobinder",2,"Clumsy","CARD.CLUMSY",1480.7,1500.0,1,0,1,0.0
"Necrobinder",2,"Deaths Door","CARD.DEATHS_DOOR",1480.7,1500.0,1,0,1,0.0
"Necrobinder",2,"Banshees Cry","CARD.BANSHEES_CRY",1480.7,1500.0,1,0,1,0.0
"Necrobinder",2,"Mad Science","CARD.MAD_SCIENCE",1480.7,1500.0,1,0,1,0.0
"Defect",3,"Fight Through","CARD.FIGHT_THROUGH",1480.7,1500.0,1,0,1,0.0
"Defect",3,"Trash To Treasure","CARD.TRASH_TO_TREASURE",1480.7,1500.0,1,0,1,0.0
"Defect",3,"Glasswork","CARD.GLASSWORK",1480.7,1500.0,1,0,1,0.0
"Defect",3,"Buffer","CARD.BUFFER",1480.7,1500.0,1,0,1,0.0
"Defect",3,"Iteration","CARD.ITERATION",1480.7,1500.0,1,0,1,0.0
"Necrobinder",0,"Countdown","CARD.COUNTDOWN",1480.7,1500.0,1,0,1,0.0
"Necrobinder",0,"Lethality","CARD.LETHALITY",1480.7,1500.0,1,0,1,0.0
"Defect",3,"Gunk Up","CARD.GUNK_UP",1480.6,1500.0,1,0,1,0.0
"Defect",3,"Feral","CARD.FERAL",1480.6,1500.0,1,0,1,0.0
"Silent",0,"Flechettes","CARD.FLECHETTES",1480.6,1500.0,1,0,1,0.0
"Silent",0,"Clumsy","CARD.CLUMSY",1480.6,1500.0,1,0,1,0.0
"Silent",0,"Automation","CARD.AUTOMATION",1480.6,1500.0,1,0,1,0.0
"Silent",1,"Survivor","CARD.SURVIVOR",1480.6,1525.2,6,2,4,33.3
"Silent",1,"Untouchable","CARD.UNTOUCHABLE",1480.6,1525.2,6,2,4,33.3
"Necrobinder",0,"Death March","CARD.DEATH_MARCH",1480.6,1500.0,3,1,2,33.3
"Silent",4,"Bubble Bubble","CARD.BUBBLE_BUBBLE",1480.6,1500.0,3,1,2,33.3
"Silent",0,"Calculated Gamble","CARD.CALCULATED_GAMBLE",1480.5,1500.0,4,1,3,25.0
"Defect",10,"Hailstorm","CARD.HAILSTORM",1480.4,1536.0,3,1,2,33.3
"Necrobinder",0,"Scourge","CARD.SCOURGE",1480.3,1500.0,1,0,1,0.0
"Defect",5,"Smokestack","CARD.SMOKESTACK",1480.2,1500.0,1,0,1,0.0
"Necrobinder",0,"Transfigure","CARD.TRANSFIGURE",1480.2,1500.0,1,0,1,0.0
"Necrobinder",0,"Call Of The Void","CARD.CALL_OF_THE_VOID",1480.2,1500.0,1,0,1,0.0
"Necrobinder",0,"Seance","CARD.SEANCE",1480.2,1500.0,1,0,1,0.0
"Necrobinder",0,"Shame","CARD.SHAME",1480.2,1500.0,1,0,1,0.0
"Defect",2,"Spoils Map","CARD.SPOILS_MAP",1480.1,1500.0,1,0,1,0.0
"Defect",2,"Subroutine","CARD.SUBROUTINE",1480.1,1500.0,1,0,1,0.0
"Defect",2,"Echo Form","CARD.ECHO_FORM",1480.1,1500.0,1,0,1,0.0
"Defect",2,"Fight Through","CARD.FIGHT_THROUGH",1480.1,1500.0,1,0,1,0.0
"Defect",4,"Thunder","CARD.THUNDER",1480.0,1500.0,1,0,1,0.0
"Defect",4,"Greed","CARD.GREED",1480.0,1500.0,1,0,1,0.0
"Defect",4,"Spinner","CARD.SPINNER",1480.0,1500.0,1,0,1,0.0
"Defect",4,"Tempest","CARD.TEMPEST",1480.0,1500.0,1,0,1,0.0
"Defect",4,"Tesla Coil","CARD.TESLA_COIL",1480.0,1500.0,1,0,1,0.0
"Defect",4,"Chaos","CARD.CHAOS",1480.0,1500.0,1,0,1,0.0
"Defect",4,"Ftl","CARD.FTL",1480.0,1500.0,1,0,1,0.0
"Defect",4,"Hailstorm","CARD.HAILSTORM",1479.8,1500.0,1,0,1,0.0
"Defect",4,"Ice Lance","CARD.ICE_LANCE",1479.8,1500.0,1,0,1,0.0
"Defect",4,"Squash","CARD.SQUASH",1479.8,1500.0,1,0,1,0.0
"Defect",4,"Doubt","CARD.DOUBT",1479.8,1500.0,1,0,1,0.0
"Defect",6,"Hologram","CARD.HOLOGRAM",1479.7,1525.5,5,2,3,40.0
"Defect",3,"Glacier","CARD.GLACIER",1479.7,1500.0,1,0,1,0.0
"Defect",3,"Adaptive Strike","CARD.ADAPTIVE_STRIKE",1479.7,1500.0,1,0,1,0.0
"Necrobinder",0,"Dredge","CARD.DREDGE",1479.6,1500.0,1,0,1,0.0
"Necrobinder",0,"Bury","CARD.BURY",1479.6,1500.0,1,0,1,0.0
"Defect",6,"Feral","CARD.FERAL",1479.4,1500.0,3,1,2,33.3
"Regent",0,"Royalties","CARD.ROYALTIES",1479.3,1500.0,1,0,1,0.0
"Necrobinder",0,"Drain Power","CARD.DRAIN_POWER",1479.3,1524.0,3,1,2,33.3
"Silent",1,"Slice","CARD.SLICE",1479.3,1500.0,1,0,1,0.0
"Silent",1,"Leading Strike","CARD.LEADING_STRIKE",1479.3,1500.0,1,0,1,0.0
"Silent",1,"Nightmare","CARD.NIGHTMARE",1479.3,1500.0,1,0,1,0.0
"Regent",0,"Ultimate Strike","CARD.ULTIMATE_STRIKE",1479.2,1500.0,1,0,1,0.0
"Silent",4,"Hidden Daggers","CARD.HIDDEN_DAGGERS",1479.2,1500.0,1,0,1,0.0
"Silent",4,"Sucker Punch","CARD.SUCKER_PUNCH",1479.2,1500.0,1,0,1,0.0
"Silent",4,"Acrobatics","CARD.ACROBATICS",1479.2,1500.0,1,0,1,0.0
"Silent",4,"Deadly Poison","CARD.DEADLY_POISON",1479.2,1500.0,1,0,1,0.0
"Silent",4,"Haze","CARD.HAZE",1479.2,1500.0,1,0,1,0.0
"Silent",4,"Envenom","CARD.ENVENOM",1479.2,1500.0,1,0,1,0.0
"Silent",4,"Calculated Gamble","CARD.CALCULATED_GAMBLE",1479.2,1500.0,1,0,1,0.0
"Silent",4,"Pinpoint","CARD.PINPOINT",1479.2,1500.0,1,0,1,0.0
"Regent",1,"Spoils Of Battle","CARD.SPOILS_OF_BATTLE",1478.8,1500.0,1,0,1,0.0
"Ironclad",0,"Taunt","CARD.TAUNT",1478.3,1500.0,4,1,3,25.0
"Defect",6,"All For One","CARD.ALL_FOR_ONE",1478.3,1500.0,3,1,2,33.3
"Defect",3,"Dualcast","CARD.DUALCAST",1478.2,1523.2,6,2,4,33.3
"Defect",6,"Believe In You","CARD.BELIEVE_IN_YOU",1478.2,1500.0,1,0,1,0.0
"Defect",5,"Shatter","CARD.SHATTER",1478.1,1500.0,1,0,1,0.0
"Necrobinder",0,"Defy","CARD.DEFY",1477.8,1546.3,5,2,3,40.0
"Defect",6,"Chaos","CARD.CHAOS",1477.8,1500.0,1,0,1,0.0
"Defect",6,"Reboot","CARD.REBOOT",1477.8,1500.0,1,0,1,0.0
"Silent",0,"Abrasive","CARD.ABRASIVE",1477.8,1500.0,1,0,1,0.0
"Regent",0,"Tyranny","CARD.TYRANNY",1477.6,1500.0,1,0,1,0.0
"Defect",5,"Ftl","CARD.FTL",1477.6,1530.0,10,4,6,40.0
"Defect",6,"Flak Cannon","CARD.FLAK_CANNON",1477.5,1500.0,1,0,1,0.0
"Defect",6,"Signal Boost","CARD.SIGNAL_BOOST",1477.5,1500.0,1,0,1,0.0
"Defect",6,"Exterminate","CARD.EXTERMINATE",1477.5,1500.0,1,0,1,0.0
"Defect",6,"Doubt","CARD.DOUBT",1477.5,1500.0,1,0,1,0.0
"Necrobinder",0,"Pagestorm","CARD.PAGESTORM",1477.4,1500.0,1,0,1,0.0
"Defect",10,"Go For The Eyes","CARD.GO_FOR_THE_EYES",1477.3,1500.0,1,0,1,0.0
"Defect",10,"Refract","CARD.REFRACT",1477.3,1500.0,1,0,1,0.0
"Defect",10,"Null","CARD.NULL",1477.3,1500.0,1,0,1,0.0
"Defect",10,"Leap","CARD.LEAP",1477.3,1500.0,1,0,1,0.0
"Regent",0,"Hegemony","CARD.HEGEMONY",1477.2,1500.0,1,0,1,0.0
"Regent",0,"Orbit","CARD.ORBIT",1477.2,1500.0,1,0,1,0.0
"Regent",0,"Lunar Blast","CARD.LUNAR_BLAST",1477.2,1500.0,1,0,1,0.0
"Regent",0,"Curse Of The Bell","CARD.CURSE_OF_THE_BELL",1477.2,1500.0,1,0,1,0.0
"Regent",0,"Glimmer","CARD.GLIMMER",1477.2,1500.0,1,0,1,0.0
"Regent",0,"Panache","CARD.PANACHE",1477.2,1500.0,1,0,1,0.0
"Regent",0,"Anticipate","CARD.ANTICIPATE",1477.2,1500.0,1,0,1,0.0
"Regent",0,"Strangle","CARD.STRANGLE",1477.2,1500.0,1,0,1,0.0
"Regent",0,"Storm Of Steel","CARD.STORM_OF_STEEL",1477.2,1500.0,1,0,1,0.0
"Defect",1,"Skim","CARD.SKIM",1477.0,1500.0,1,0,1,0.0
"Defect",1,"Boot Sequence","CARD.BOOT_SEQUENCE",1477.0,1500.0,1,0,1,0.0
"Defect",1,"Byrd Swoop","CARD.BYRD_SWOOP",1477.0,1500.0,1,0,1,0.0
"Defect",1,"Uproar","CARD.UPROAR",1477.0,1500.0,1,0,1,0.0
"Defect",8,"Compact","CARD.COMPACT",1477.0,1500.0,1,0,1,0.0
"Defect",8,"Rainbow","CARD.RAINBOW",1477.0,1500.0,1,0,1,0.0
"Defect",3,"Boost Away","CARD.BOOST_AWAY",1476.9,1500.0,4,1,3,25.0
"Silent",3,"Corrosive Wave","CARD.CORROSIVE_WAVE",1476.8,1500.0,1,0,1,0.0
"Silent",3,"Jack Of All Trades","CARD.JACK_OF_ALL_TRADES",1476.8,1500.0,1,0,1,0.0
"Silent",3,"Sucker Punch","CARD.SUCKER_PUNCH",1476.8,1500.0,1,0,1,0.0
"Silent",3,"Haze","CARD.HAZE",1476.8,1500.0,1,0,1,0.0
"Silent",7,"Piercing Wail","CARD.PIERCING_WAIL",1476.7,1500.0,1,0,1,0.0
"Silent",7,"Leg Sweep","CARD.LEG_SWEEP",1476.7,1500.0,1,0,1,0.0
"Silent",7,"Dagger Spray","CARD.DAGGER_SPRAY",1476.7,1500.0,1,0,1,0.0
"Silent",7,"Footwork","CARD.FOOTWORK",1476.7,1500.0,1,0,1,0.0
"Silent",7,"Ultimate Strike","CARD.ULTIMATE_STRIKE",1476.7,1500.0,1,0,1,0.0
"Defect",4,"Prep Time","CARD.PREP_TIME",1476.4,1500.0,1,0,1,0.0
"Defect",1,"Sweeping Beam","CARD.SWEEPING_BEAM",1476.3,1500.0,1,0,1,0.0
"Defect",3,"Coolheaded","CARD.COOLHEADED",1476.1,1500.0,4,1,3,25.0
"Defect",3,"Beam Cell","CARD.BEAM_CELL",1476.1,1500.0,4,1,3,25.0
"Silent",3,"Piercing Wail","CARD.PIERCING_WAIL",1476.0,1500.0,1,0,1,0.0
"Defect",10,"Greed","CARD.GREED",1475.9,1500.0,1,0,1,0.0
"Defect",10,"Thunder","CARD.THUNDER",1475.9,1500.0,1,0,1,0.0
"Defect",10,"Feeding Frenzy","CARD.FEEDING_FRENZY",1475.9,1500.0,1,0,1,0.0
"Defect",10,"Ball Lightning","CARD.BALL_LIGHTNING",1475.9,1500.0,1,0,1,0.0
"Defect",10,"Rainbow","CARD.RAINBOW",1475.9,1500.0,1,0,1,0.0
"Defect",10,"Finesse","CARD.FINESSE",1475.9,1500.0,1,0,1,0.0
"Defect",10,"Sunder","CARD.SUNDER",1475.9,1500.0,1,0,1,0.0
"Defect",10,"Compact","CARD.COMPACT",1475.9,1500.0,1,0,1,0.0
"Defect",10,"Hotfix","CARD.HOTFIX",1475.9,1500.0,1,0,1,0.0
"Defect",10,"Production","CARD.PRODUCTION",1475.9,1500.0,1,0,1,0.0
"Defect",10,"Reboot","CARD.REBOOT",1475.9,1500.0,1,0,1,0.0
"Silent",4,"Debt","CARD.DEBT",1475.8,1500.0,1,0,1,0.0
"Silent",4,"Blade Dance","CARD.BLADE_DANCE",1475.8,1500.0,1,0,1,0.0
"Silent",4,"Dual Wield","CARD.DUAL_WIELD",1475.8,1500.0,1,0,1,0.0
"Necrobinder",1,"Catastrophe","CARD.CATASTROPHE",1475.8,1500.0,1,0,1,0.0
"Necrobinder",1,"Eradicate","CARD.ERADICATE",1475.8,1500.0,1,0,1,0.0
"Necrobinder",1,"Afterlife","CARD.AFTERLIFE",1475.8,1500.0,1,0,1,0.0
"Necrobinder",1,"Delay","CARD.DELAY",1475.8,1500.0,1,0,1,0.0
"Silent",7,"Cloak And Dagger","CARD.CLOAK_AND_DAGGER",1475.7,1500.0,1,0,1,0.0
"Silent",7,"Flick Flack","CARD.FLICK_FLACK",1475.7,1500.0,1,0,1,0.0
"Silent",7,"Fan Of Knives","CARD.FAN_OF_KNIVES",1475.7,1500.0,1,0,1,0.0
"Silent",7,"Blade Dance","CARD.BLADE_DANCE",1475.7,1500.0,1,0,1,0.0
"Silent",7,"Slice","CARD.SLICE",1475.7,1500.0,1,0,1,0.0
"Silent",9,"Assassinate","CARD.ASSASSINATE",1475.6,1500.0,1,0,1,0.0
"Silent",9,"Deadly Poison","CARD.DEADLY_POISON",1475.6,1500.0,1,0,1,0.0
"Silent",9,"Greed","CARD.GREED",1475.6,1500.0,1,0,1,0.0
"Silent",9,"Noxious Fumes","CARD.NOXIOUS_FUMES",1475.6,1500.0,1,0,1,0.0
"Silent",9,"Flick Flack","CARD.FLICK_FLACK",1475.6,1500.0,1,0,1,0.0
"Silent",9,"Snakebite","CARD.SNAKEBITE",1475.6,1500.0,1,0,1,0.0
"Silent",9,"Expose","CARD.EXPOSE",1475.6,1500.0,1,0,1,0.0
"Silent",9,"Backflip","CARD.BACKFLIP",1475.6,1500.0,1,0,1,0.0
"Silent",9,"Distraction","CARD.DISTRACTION",1475.6,1500.0,1,0,1,0.0
"Silent",9,"Accelerant","CARD.ACCELERANT",1475.6,1500.0,1,0,1,0.0
"Silent",9,"Deflect","CARD.DEFLECT",1475.6,1500.0,1,0,1,0.0
"Silent",9,"Blur","CARD.BLUR",1475.6,1500.0,1,0,1,0.0
"Silent",9,"Tools Of The Trade","CARD.TOOLS_OF_THE_TRADE",1475.6,1500.0,1,0,1,0.0
"Silent",9,"Haze","CARD.HAZE",1475.6,1500.0,1,0,1,0.0
"Silent",9,"Reflex","CARD.REFLEX",1475.6,1500.0,1,0,1,0.0
"Silent",9,"Tactician","CARD.TACTICIAN",1475.6,1500.0,1,0,1,0.0
"Silent",9,"Poisoned Stab","CARD.POISONED_STAB",1475.6,1500.0,1,0,1,0.0
"Silent",9,"Speedster","CARD.SPEEDSTER",1475.6,1500.0,1,0,1,0.0
"Silent",9,"Outbreak","CARD.OUTBREAK",1475.6,1500.0,1,0,1,0.0
"Silent",9,"Dodge And Roll","CARD.DODGE_AND_ROLL",1475.6,1500.0,1,0,1,0.0
"Silent",9,"Bubble Bubble","CARD.BUBBLE_BUBBLE",1475.6,1500.0,1,0,1,0.0
"Silent",9,"Master Planner","CARD.MASTER_PLANNER",1475.6,1500.0,1,0,1,0.0
"Silent",9,"Untouchable","CARD.UNTOUCHABLE",1475.6,1500.0,1,0,1,0.0
"Defect",1,"Hologram","CARD.HOLOGRAM",1475.5,1500.0,4,1,3,25.0
"Defect",5,"Compile Driver","CARD.COMPILE_DRIVER",1475.4,1500.0,1,0,1,0.0
"Silent",5,"Mirage","CARD.MIRAGE",1475.1,1500.0,1,0,1,0.0
"Silent",5,"Master Planner","CARD.MASTER_PLANNER",1475.1,1500.0,1,0,1,0.0
"Silent",5,"Malaise","CARD.MALAISE",1475.1,1500.0,1,0,1,0.0
"Silent",5,"Escape Plan","CARD.ESCAPE_PLAN",1475.1,1500.0,1,0,1,0.0
"Silent",3,"Bubble Bubble","CARD.BUBBLE_BUBBLE",1475.0,1500.0,1,0,1,0.0
"Silent",3,"Shadow Step","CARD.SHADOW_STEP",1474.8,1500.0,1,0,1,0.0
"Silent",3,"Brightest Flame","CARD.BRIGHTEST_FLAME",1474.8,1500.0,1,0,1,0.0
"Silent",3,"Squash","CARD.SQUASH",1474.8,1500.0,1,0,1,0.0
"Silent",3,"Strangle","CARD.STRANGLE",1474.8,1500.0,1,0,1,0.0
"Silent",3,"Bullet Time","CARD.BULLET_TIME",1474.8,1500.0,1,0,1,0.0
"Silent",3,"Reflex","CARD.REFLEX",1474.8,1500.0,1,0,1,0.0
"Silent",5,"Reflex","CARD.REFLEX",1474.8,1500.0,1,0,1,0.0
"Silent",5,"Hand Trick","CARD.HAND_TRICK",1474.8,1500.0,1,0,1,0.0
"Regent",0,"Catastrophe","CARD.CATASTROPHE",1474.5,1500.0,1,0,1,0.0
"Defect",6,"Gunk Up","CARD.GUNK_UP",1474.5,1500.0,1,0,1,0.0
"Defect",6,"Spoils Map","CARD.SPOILS_MAP",1474.5,1500.0,1,0,1,0.0
"Defect",0,"Hotfix","CARD.HOTFIX",1474.3,1500.0,4,1,3,25.0
"Silent",5,"Leg Sweep","CARD.LEG_SWEEP",1474.2,1500.0,3,1,2,33.3
"Defect",8,"Injury","CARD.INJURY",1474.2,1500.0,1,0,1,0.0
"Silent",0,"Bouncing Flask","CARD.BOUNCING_FLASK",1474.1,1500.0,1,0,1,0.0
"Silent",6,"Malaise","CARD.MALAISE",1473.8,1500.0,1,0,1,0.0
"Silent",6,"Calculated Gamble","CARD.CALCULATED_GAMBLE",1473.8,1500.0,1,0,1,0.0
"Silent",6,"Memento Mori","CARD.MEMENTO_MORI",1473.8,1500.0,1,0,1,0.0
"Silent",6,"Untouchable","CARD.UNTOUCHABLE",1473.8,1500.0,1,0,1,0.0
"Silent",4,"Shadowmeld","CARD.SHADOWMELD",1473.7,1500.0,1,0,1,0.0
"Silent",4,"Ricochet","CARD.RICOCHET",1473.7,1500.0,1,0,1,0.0
"Defect",6,"Trash To Treasure","CARD.TRASH_TO_TREASURE",1473.7,1500.0,1,0,1,0.0
"Defect",6,"Ultimate Defend","CARD.ULTIMATE_DEFEND",1473.7,1500.0,1,0,1,0.0
"Defect",9,"Hotfix","CARD.HOTFIX",1473.6,1505.7,3,1,2,33.3
"Defect",6,"Loop","CARD.LOOP",1473.5,1500.0,1,0,1,0.0
"Defect",6,"Darkness","CARD.DARKNESS",1473.5,1500.0,1,0,1,0.0
"Ironclad",3,"Reaper Form","CARD.REAPER_FORM",1473.5,1500.0,1,0,1,0.0
"Ironclad",3,"Setup Strike","CARD.SETUP_STRIKE",1473.5,1500.0,1,0,1,0.0
"Defect",5,"Feral","CARD.FERAL",1473.5,1530.0,3,1,2,33.3
"Defect",8,"Beam Cell","CARD.BEAM_CELL",1473.5,1563.9,7,3,4,42.9
"Regent",0,"Secret Weapon","CARD.SECRET_WEAPON",1473.3,1500.0,1,0,1,0.0
"Regent",0,"Clumsy","CARD.CLUMSY",1473.3,1500.0,1,0,1,0.0
"Defect",10,"Coordinate","CARD.COORDINATE",1473.3,1500.0,1,0,1,0.0
"Defect",10,"Uproar","CARD.UPROAR",1473.3,1500.0,1,0,1,0.0
"Defect",10,"White Noise","CARD.WHITE_NOISE",1473.3,1500.0,1,0,1,0.0
"Defect",10,"Clash","CARD.CLASH",1473.3,1500.0,1,0,1,0.0
"Defect",10,"Rolling Boulder","CARD.ROLLING_BOULDER",1473.3,1500.0,1,0,1,0.0
"Defect",10,"Smokestack","CARD.SMOKESTACK",1473.3,1500.0,1,0,1,0.0
"Silent",1,"Deadly Poison","CARD.DEADLY_POISON",1473.2,1548.5,6,2,4,33.3
"Defect",5,"Coolant","CARD.COOLANT",1472.9,1500.0,1,0,1,0.0
"Defect",5,"Dark Shackles","CARD.DARK_SHACKLES",1472.9,1500.0,1,0,1,0.0
"Defect",5,"Barrage","CARD.BARRAGE",1472.9,1500.0,1,0,1,0.0
"Necrobinder",1,"Bodyguard","CARD.BODYGUARD",1472.9,1500.0,4,1,3,25.0
"Necrobinder",0,"Guilty","CARD.GUILTY",1472.8,1500.0,1,0,1,0.0
"Silent",5,"Backflip","CARD.BACKFLIP",1472.7,1500.0,3,1,2,33.3
"Defect",5,"Ultimate Strike","CARD.ULTIMATE_STRIKE",1472.6,1500.0,1,0,1,0.0
"Silent",5,"Dagger Spray","CARD.DAGGER_SPRAY",1472.5,1500.0,1,0,1,0.0
"Silent",5,"Stratagem","CARD.STRATAGEM",1472.5,1500.0,1,0,1,0.0
"Silent",5,"Piercing Wail","CARD.PIERCING_WAIL",1472.5,1500.0,1,0,1,0.0
"Silent",5,"Injury","CARD.INJURY",1472.5,1500.0,1,0,1,0.0
"Regent",0,"Spore Mind","CARD.SPORE_MIND",1472.5,1500.0,1,0,1,0.0
"Regent",0,"Discovery","CARD.DISCOVERY",1472.5,1500.0,1,0,1,0.0
"Defect",5,"Defragment","CARD.DEFRAGMENT",1472.4,1500.0,1,0,1,0.0
"Defect",5,"Clumsy","CARD.CLUMSY",1472.4,1500.0,1,0,1,0.0
"Defect",8,"White Noise","CARD.WHITE_NOISE",1472.1,1500.0,3,1,2,33.3
"Silent",8,"Sucker Punch","CARD.SUCKER_PUNCH",1471.8,1500.0,1,0,1,0.0
"Silent",8,"Untouchable","CARD.UNTOUCHABLE",1471.8,1500.0,1,0,1,0.0
"Silent",8,"Blade Dance","CARD.BLADE_DANCE",1471.8,1500.0,1,0,1,0.0
"Silent",8,"Burst","CARD.BURST",1471.8,1500.0,1,0,1,0.0
"Silent",8,"Poor Sleep","CARD.POOR_SLEEP",1471.8,1500.0,1,0,1,0.0
"Silent",8,"Anticipate","CARD.ANTICIPATE",1471.8,1500.0,1,0,1,0.0
"Silent",8,"Shadow Step","CARD.SHADOW_STEP",1471.8,1500.0,1,0,1,0.0
"Defect",6,"Rocket Punch","CARD.ROCKET_PUNCH",1471.3,1525.5,3,1,2,33.3
"Defect",5,"The Bomb","CARD.THE_BOMB",1471.1,1500.0,1,0,1,0.0
"Defect",5,"Rainbow","CARD.RAINBOW",1471.1,1500.0,1,0,1,0.0
"Defect",5,"Creative Ai","CARD.CREATIVE_AI",1471.1,1500.0,1,0,1,0.0
"Defect",5,"Serpent Form","CARD.SERPENT_FORM",1471.1,1500.0,1,0,1,0.0
"Defect",5,"Escape Plan","CARD.ESCAPE_PLAN",1471.1,1500.0,1,0,1,0.0
"Defect",5,"Dagger Spray","CARD.DAGGER_SPRAY",1471.1,1500.0,1,0,1,0.0
"Silent",7,"Snakebite","CARD.SNAKEBITE",1470.9,1500.0,4,1,3,25.0
"Silent",7,"Deadly Poison","CARD.DEADLY_POISON",1470.9,1500.0,4,1,3,25.0
"Defect",9,"Energy Surge","CARD.ENERGY_SURGE",1470.8,1500.0,1,0,1,0.0
"Defect",6,"Tempest","CARD.TEMPEST",1470.7,1500.0,1,0,1,0.0
"Defect",6,"Dual Wield","CARD.DUAL_WIELD",1470.7,1500.0,1,0,1,0.0
"Defect",6,"Helix Drill","CARD.HELIX_DRILL",1470.7,1500.0,1,0,1,0.0
"Defect",6,"Injury","CARD.INJURY",1470.7,1500.0,1,0,1,0.0
"Necrobinder",0,"Haunt","CARD.HAUNT",1470.6,1500.0,6,2,4,33.3
"Defect",6,"Glasswork","CARD.GLASSWORK",1470.2,1525.5,3,1,2,33.3
"Defect",9,"Buffer","CARD.BUFFER",1470.1,1500.0,1,0,1,0.0
"Silent",5,"Debt","CARD.DEBT",1470.1,1500.0,1,0,1,0.0
"Silent",5,"Clumsy","CARD.CLUMSY",1470.1,1500.0,1,0,1,0.0
"Silent",5,"Spoils Map","CARD.SPOILS_MAP",1470.1,1500.0,1,0,1,0.0
"Silent",5,"Purity","CARD.PURITY",1470.0,1500.0,1,0,1,0.0
"Defect",6,"Supercritical","CARD.SUPERCRITICAL",1469.9,1525.5,3,1,2,33.3
"Defect",8,"Pagestorm","CARD.PAGESTORM",1469.9,1500.0,1,0,1,0.0
"Defect",8,"Eradicate","CARD.ERADICATE",1469.9,1500.0,1,0,1,0.0
"Defect",6,"Double Energy","CARD.DOUBLE_ENERGY",1469.3,1500.0,1,0,1,0.0
"Defect",6,"Consuming Shadow","CARD.CONSUMING_SHADOW",1469.3,1500.0,1,0,1,0.0
"Defect",8,"Chaos","CARD.CHAOS",1469.1,1500.0,1,0,1,0.0
"Defect",8,"Byrdonis Egg","CARD.BYRDONIS_EGG",1469.1,1500.0,1,0,1,0.0
"Defect",6,"Shatter","CARD.SHATTER",1469.1,1500.0,1,0,1,0.0
"Silent",5,"Neows Fury","CARD.NEOWS_FURY",1469.0,1500.0,1,0,1,0.0
"Silent",5,"Toric Toughness","CARD.TORIC_TOUGHNESS",1469.0,1500.0,1,0,1,0.0
"Silent",5,"Tactician","CARD.TACTICIAN",1469.0,1500.0,1,0,1,0.0
"Defect",9,"Barrage","CARD.BARRAGE",1469.0,1500.0,1,0,1,0.0
"Defect",9,"Tesla Coil","CARD.TESLA_COIL",1469.0,1500.0,1,0,1,0.0
"Defect",9,"Trash To Treasure","CARD.TRASH_TO_TREASURE",1469.0,1500.0,1,0,1,0.0
"Defect",9,"Acrobatics","CARD.ACROBATICS",1469.0,1500.0,1,0,1,0.0
"Defect",9,"Dash","CARD.DASH",1469.0,1500.0,1,0,1,0.0
"Defect",9,"Assassinate","CARD.ASSASSINATE",1469.0,1500.0,1,0,1,0.0
"Silent",7,"Reflex","CARD.REFLEX",1468.9,1500.0,1,0,1,0.0
"Silent",0,"Panache","CARD.PANACHE",1468.8,1500.0,2,0,2,0.0
"Defect",5,"Spoils Map","CARD.SPOILS_MAP",1468.8,1500.0,1,0,1,0.0
"Ironclad",0,"Hellraiser","CARD.HELLRAISER",1468.7,1500.0,2,0,2,0.0
"Defect",5,"Spinner","CARD.SPINNER",1468.6,1530.0,6,2,4,33.3
"Defect",9,"Skim","CARD.SKIM",1468.5,1500.0,1,0,1,0.0
"Necrobinder",0,"Necro Mastery","CARD.NECRO_MASTERY",1468.3,1500.0,2,0,2,0.0
"Defect",5,"Omnislice","CARD.OMNISLICE",1468.2,1500.0,1,0,1,0.0
"Defect",5,"Sunder","CARD.SUNDER",1468.2,1500.0,1,0,1,0.0
"Defect",5,"Buffer","CARD.BUFFER",1468.2,1500.0,1,0,1,0.0
"Defect",5,"Metamorphosis","CARD.METAMORPHOSIS",1468.2,1500.0,1,0,1,0.0
"Silent",1,"Assassinate","CARD.ASSASSINATE",1468.1,1500.0,2,0,2,0.0
"Defect",6,"Storm","CARD.STORM",1467.9,1500.0,1,0,1,0.0
"Defect",5,"Lightning Rod","CARD.LIGHTNING_ROD",1467.7,1557.3,10,4,6,40.0
"Silent",1,"Piercing Wail","CARD.PIERCING_WAIL",1467.6,1525.2,4,1,3,25.0
"Defect",1,"Chaos","CARD.CHAOS",1467.6,1500.0,4,1,3,25.0
"Defect",8,"Synchronize","CARD.SYNCHRONIZE",1467.5,1500.0,1,0,1,0.0
"Defect",8,"Consuming Shadow","CARD.CONSUMING_SHADOW",1467.5,1500.0,1,0,1,0.0
"Necrobinder",0,"Invoke","CARD.INVOKE",1466.6,1500.0,2,0,2,0.0
"Necrobinder",0,"Metamorphosis","CARD.METAMORPHOSIS",1466.6,1500.0,2,0,2,0.0
"Defect",0,"Spinner","CARD.SPINNER",1466.5,1500.0,2,0,2,0.0
"Silent",1,"Backflip","CARD.BACKFLIP",1466.5,1500.0,2,0,2,0.0
"Defect",9,"Lightning Rod","CARD.LIGHTNING_ROD",1466.4,1506.3,3,1,2,33.3
"Defect",9,"Darkness","CARD.DARKNESS",1466.3,1504.7,3,1,2,33.3
"Defect",6,"Shadow Shield","CARD.SHADOW_SHIELD",1466.3,1525.5,3,1,2,33.3
"Defect",9,"Glasswork","CARD.GLASSWORK",1466.2,1500.0,3,1,2,33.3
"Defect",9,"Overclock","CARD.OVERCLOCK",1466.1,1500.0,3,1,2,33.3
"Silent",0,"Snakebite","CARD.SNAKEBITE",1466.1,1500.0,2,0,2,0.0
"Defect",1,"Leap","CARD.LEAP",1466.1,1500.0,2,0,2,0.0
"Ironclad",0,"Forgotten Ritual","CARD.FORGOTTEN_RITUAL",1466.0,1500.0,2,0,2,0.0
"Silent",7,"Survivor","CARD.SURVIVOR",1466.0,1500.0,4,1,3,25.0
"Silent",7,"Ascenders Bane","CARD.ASCENDERS_BANE",1466.0,1500.0,4,1,3,25.0
"Defect",8,"Byrd Swoop","CARD.BYRD_SWOOP",1466.0,1500.0,1,0,1,0.0
"Defect",8,"Null","CARD.NULL",1466.0,1500.0,1,0,1,0.0
"Regent",0,"Kingly Punch","CARD.KINGLY_PUNCH",1465.9,1500.0,2,0,2,0.0
"Defect",6,"Uproar","CARD.UPROAR",1465.7,1500.0,1,0,1,0.0
"Silent",0,"Memento Mori","CARD.MEMENTO_MORI",1465.7,1520.2,4,1,3,25.0
"Defect",1,"Tempest","CARD.TEMPEST",1465.7,1500.0,2,0,2,0.0
"Silent",9,"Cloak And Dagger","CARD.CLOAK_AND_DAGGER",1465.6,1500.0,1,0,1,0.0
"Silent",9,"Toric Toughness","CARD.TORIC_TOUGHNESS",1465.6,1500.0,1,0,1,0.0
"Silent",9,"Acrobatics","CARD.ACROBATICS",1465.6,1500.0,1,0,1,0.0
"Silent",9,"Well Laid Plans","CARD.WELL_LAID_PLANS",1465.6,1500.0,1,0,1,0.0
"Necrobinder",1,"Calcify","CARD.CALCIFY",1465.5,1500.0,2,0,2,0.0
"Necrobinder",1,"Grave Warden","CARD.GRAVE_WARDEN",1465.5,1500.0,2,0,2,0.0
"Necrobinder",1,"Invoke","CARD.INVOKE",1465.3,1500.0,2,0,2,0.0
"Defect",0,"Darkness","CARD.DARKNESS",1465.3,1500.0,2,0,2,0.0
"Defect",8,"Skim","CARD.SKIM",1465.3,1533.6,3,1,2,33.3
"Defect",0,"Null","CARD.NULL",1465.1,1500.0,2,0,2,0.0
"Necrobinder",0,"Friendship","CARD.FRIENDSHIP",1465.1,1500.0,2,0,2,0.0
"Necrobinder",0,"Devour Life","CARD.DEVOUR_LIFE",1465.0,1500.0,2,0,2,0.0
"Ironclad",0,"Relax","CARD.RELAX",1464.8,1500.0,2,0,2,0.0
"Defect",9,"Scrape","CARD.SCRAPE",1464.3,1500.0,1,0,1,0.0
"Defect",8,"Sweeping Beam","CARD.SWEEPING_BEAM",1464.2,1500.0,1,0,1,0.0
"Defect",8,"The Scythe","CARD.THE_SCYTHE",1464.2,1500.0,1,0,1,0.0
"Defect",8,"Graveblast","CARD.GRAVEBLAST",1464.2,1500.0,1,0,1,0.0
"Defect",8,"Glacier","CARD.GLACIER",1464.2,1500.0,1,0,1,0.0
"Defect",0,"Chaos","CARD.CHAOS",1464.1,1500.0,2,0,2,0.0
"Defect",1,"Gunk Up","CARD.GUNK_UP",1464.1,1500.0,2,0,2,0.0
"Silent",3,"Ricochet","CARD.RICOCHET",1464.0,1500.0,4,1,3,25.0
"Regent",0,"Cloak Of Stars","CARD.CLOAK_OF_STARS",1463.9,1500.0,2,0,2,0.0
"Regent",0,"Make It So","CARD.MAKE_IT_SO",1463.9,1500.0,2,0,2,0.0
"Regent",0,"Spectrum Shift","CARD.SPECTRUM_SHIFT",1463.9,1500.0,2,0,2,0.0
"Defect",0,"Glacier","CARD.GLACIER",1463.9,1500.0,2,0,2,0.0
"Defect",0,"Storm","CARD.STORM",1463.9,1500.0,2,0,2,0.0
"Defect",6,"Go For The Eyes","CARD.GO_FOR_THE_EYES",1463.9,1500.0,4,1,3,25.0
"Defect",1,"Creative Ai","CARD.CREATIVE_AI",1463.8,1500.0,2,0,2,0.0
"Defect",1,"Synchronize","CARD.SYNCHRONIZE",1463.8,1500.0,2,0,2,0.0
"Defect",3,"Ftl","CARD.FTL",1463.8,1500.0,2,0,2,0.0
"Defect",3,"Bulk Up","CARD.BULK_UP",1463.8,1500.0,2,0,2,0.0
"Defect",3,"Charge Battery","CARD.CHARGE_BATTERY",1463.8,1500.0,2,0,2,0.0
"Defect",9,"Synthesis","CARD.SYNTHESIS",1463.8,1500.0,1,0,1,0.0
"Defect",10,"Huddle Up","CARD.HUDDLE_UP",1463.8,1500.0,1,0,1,0.0
"Defect",10,"Spoils Map","CARD.SPOILS_MAP",1463.8,1500.0,1,0,1,0.0
"Defect",8,"Neows Fury","CARD.NEOWS_FURY",1463.8,1500.0,1,0,1,0.0
"Necrobinder",2,"Capture Spirit","CARD.CAPTURE_SPIRIT",1463.7,1500.0,2,0,2,0.0
"Necrobinder",2,"High Five","CARD.HIGH_FIVE",1463.7,1500.0,2,0,2,0.0
"Necrobinder",2,"Grave Warden","CARD.GRAVE_WARDEN",1463.7,1500.0,2,0,2,0.0
"Necrobinder",2,"Snap","CARD.SNAP",1463.7,1500.0,2,0,2,0.0
"Necrobinder",2,"Sleight Of Flesh","CARD.SLEIGHT_OF_FLESH",1463.7,1500.0,2,0,2,0.0
"Necrobinder",2,"Blight Strike","CARD.BLIGHT_STRIKE",1463.7,1500.0,2,0,2,0.0
"Necrobinder",2,"Severance","CARD.SEVERANCE",1463.7,1500.0,2,0,2,0.0
"Regent",0,"Meteor Shower","CARD.METEOR_SHOWER",1463.6,1500.0,2,0,2,0.0
"Regent",0,"Parry","CARD.PARRY",1463.6,1500.0,2,0,2,0.0
"Defect",0,"Leap","CARD.LEAP",1463.6,1500.0,2,0,2,0.0
"Defect",0,"Overclock","CARD.OVERCLOCK",1463.6,1500.0,2,0,2,0.0
"Defect",5,"Turbo","CARD.TURBO",1463.5,1557.3,23,9,14,39.1
"Necrobinder",0,"Shared Fate","CARD.SHARED_FATE",1463.5,1500.0,2,0,2,0.0
"Defect",8,"Shatter","CARD.SHATTER",1463.4,1500.0,1,0,1,0.0
"Defect",3,"Turbo","CARD.TURBO",1463.1,1500.0,5,1,4,20.0
"Defect",9,"Sweeping Beam","CARD.SWEEPING_BEAM",1463.0,1500.0,3,1,2,33.3
"Defect",3,"Ball Lightning","CARD.BALL_LIGHTNING",1462.9,1544.5,6,2,4,33.3
"Necrobinder",2,"No Escape","CARD.NO_ESCAPE",1462.9,1500.0,2,0,2,0.0
"Defect",3,"Greed","CARD.GREED",1462.9,1500.0,2,0,2,0.0
"Defect",3,"Flak Cannon","CARD.FLAK_CANNON",1462.9,1500.0,2,0,2,0.0
"Defect",3,"Smokestack","CARD.SMOKESTACK",1462.9,1500.0,2,0,2,0.0
"Defect",3,"Hologram","CARD.HOLOGRAM",1462.9,1500.0,2,0,2,0.0
"Defect",5,"Greed","CARD.GREED",1462.8,1500.0,4,1,3,25.0
"Necrobinder",0,"Blight Strike","CARD.BLIGHT_STRIKE",1462.7,1500.0,2,0,2,0.0
"Silent",1,"Abrasive","CARD.ABRASIVE",1462.7,1500.0,2,0,2,0.0
"Defect",0,"Compile Driver","CARD.COMPILE_DRIVER",1462.5,1500.0,2,0,2,0.0
"Defect",9,"White Noise","CARD.WHITE_NOISE",1462.4,1504.7,3,1,2,33.3
"Defect",8,"Barrage","CARD.BARRAGE",1462.3,1500.0,1,0,1,0.0
"Defect",8,"Double Energy","CARD.DOUBLE_ENERGY",1462.3,1533.6,3,1,2,33.3
"Silent",4,"Survivor","CARD.SURVIVOR",1462.2,1500.0,4,1,3,25.0
"Silent",4,"Untouchable","CARD.UNTOUCHABLE",1462.2,1500.0,4,1,3,25.0
"Necrobinder",0,"Sentry Mode","CARD.SENTRY_MODE",1462.2,1500.0,2,0,2,0.0
"Defect",9,"Shadow Shield","CARD.SHADOW_SHIELD",1462.1,1500.0,1,0,1,0.0
"Defect",9,"Sunder","CARD.SUNDER",1462.1,1500.0,1,0,1,0.0
"Necrobinder",0,"The Scythe","CARD.THE_SCYTHE",1461.9,1500.0,2,0,2,0.0
"Defect",3,"Echo Form","CARD.ECHO_FORM",1461.9,1500.0,2,0,2,0.0
"Silent",0,"Prepared","CARD.PREPARED",1461.8,1520.2,14,5,9,35.7
"Defect",4,"Leap","CARD.LEAP",1461.6,1500.0,2,0,2,0.0
"Defect",4,"Flak Cannon","CARD.FLAK_CANNON",1461.6,1500.0,2,0,2,0.0
"Defect",4,"White Noise","CARD.WHITE_NOISE",1461.6,1500.0,2,0,2,0.0
"Defect",9,"Gang Up","CARD.GANG_UP",1461.0,1500.0,1,0,1,0.0
"Silent",3,"Prepared","CARD.PREPARED",1460.8,1500.0,7,2,5,28.6
"Regent",0,"Squash","CARD.SQUASH",1460.0,1500.0,2,0,2,0.0
"Regent",0,"Child Of The Stars","CARD.CHILD_OF_THE_STARS",1459.9,1500.0,2,0,2,0.0
"Regent",0,"Relax","CARD.RELAX",1459.9,1500.0,2,0,2,0.0
"Defect",1,"Compile Driver","CARD.COMPILE_DRIVER",1459.9,1500.0,2,0,2,0.0
"Necrobinder",1,"Sow","CARD.SOW",1459.8,1500.0,2,0,2,0.0
"Necrobinder",0,"Pull From Below","CARD.PULL_FROM_BELOW",1459.5,1500.0,2,0,2,0.0
"Regent",1,"Gather Light","CARD.GATHER_LIGHT",1459.4,1500.0,2,0,2,0.0
"Defect",9,"Panache","CARD.PANACHE",1459.3,1500.0,1,0,1,0.0
"Regent",0,"Resonance","CARD.RESONANCE",1459.3,1500.0,2,0,2,0.0
"Necrobinder",0,"Graveblast","CARD.GRAVEBLAST",1459.2,1500.0,2,0,2,0.0
"Defect",1,"Ftl","CARD.FTL",1459.2,1500.0,2,0,2,0.0
"Defect",1,"Charge Battery","CARD.CHARGE_BATTERY",1459.1,1500.0,2,0,2,0.0
"Necrobinder",0,"Wisp","CARD.WISP",1458.8,1500.0,7,2,5,28.6
"Defect",9,"Feral","CARD.FERAL",1458.6,1500.0,3,1,2,33.3
"Defect",1,"Coolheaded","CARD.COOLHEADED",1458.6,1500.0,5,1,4,20.0
"Necrobinder",0,"Greed","CARD.GREED",1458.5,1500.0,2,0,2,0.0
"Regent",0,"Quasar","CARD.QUASAR",1458.4,1500.0,2,0,2,0.0
"Regent",0,"Dying Star","CARD.DYING_STAR",1458.3,1500.0,2,0,2,0.0
"Defect",5,"Shadow Shield","CARD.SHADOW_SHIELD",1458.2,1500.0,2,0,2,0.0
"Defect",9,"Guilty","CARD.GUILTY",1458.2,1500.0,1,0,1,0.0
"Defect",9,"Chaos","CARD.CHAOS",1458.2,1500.0,1,0,1,0.0
"Defect",9,"Momentum Strike","CARD.MOMENTUM_STRIKE",1458.2,1500.0,1,0,1,0.0
"Defect",4,"Glasswork","CARD.GLASSWORK",1458.1,1500.0,2,0,2,0.0
"Defect",6,"Meteor Strike","CARD.METEOR_STRIKE",1457.7,1500.0,2,0,2,0.0
"Regent",0,"Cosmic Indifference","CARD.COSMIC_INDIFFERENCE",1457.1,1500.0,2,0,2,0.0
"Silent",4,"Well Laid Plans","CARD.WELL_LAID_PLANS",1457.1,1500.0,2,0,2,0.0
"Defect",0,"Lightning Rod","CARD.LIGHTNING_ROD",1457.0,1500.0,5,1,4,20.0
"Necrobinder",0,"Grave Warden","CARD.GRAVE_WARDEN",1457.0,1500.0,12,4,8,33.3
"Defect",5,"Tempest","CARD.TEMPEST",1455.8,1500.0,2,0,2,0.0
"Defect",4,"Lightning Rod","CARD.LIGHTNING_ROD",1455.7,1500.0,5,1,4,20.0
"Regent",0,"Manifest Authority","CARD.MANIFEST_AUTHORITY",1455.7,1500.0,2,0,2,0.0
"Silent",7,"Outbreak","CARD.OUTBREAK",1455.7,1500.0,2,0,2,0.0
"Necrobinder",0,"Soul Storm","CARD.SOUL_STORM",1455.6,1500.0,2,0,2,0.0
"Silent",5,"Dodge And Roll","CARD.DODGE_AND_ROLL",1455.3,1500.0,4,1,3,25.0
"Ironclad",0,"Sword Boomerang","CARD.SWORD_BOOMERANG",1455.3,1524.0,5,1,4,20.0
"Defect",8,"Feral","CARD.FERAL",1455.2,1533.6,3,1,2,33.3
"Silent",5,"Deadly Poison","CARD.DEADLY_POISON",1455.1,1500.0,4,1,3,25.0
"Silent",3,"Tactician","CARD.TACTICIAN",1454.9,1500.0,2,0,2,0.0
"Silent",7,"Leading Strike","CARD.LEADING_STRIKE",1454.7,1500.0,2,0,2,0.0
"Silent",7,"Bubble Bubble","CARD.BUBBLE_BUBBLE",1454.7,1500.0,2,0,2,0.0
"Defect",5,"Peck","CARD.PECK",1454.5,1500.0,2,0,2,0.0
"Silent",9,"Prepared","CARD.PREPARED",1453.8,1500.0,2,0,2,0.0
"Defect",9,"Production","CARD.PRODUCTION",1453.8,1500.0,1,0,1,0.0
"Silent",3,"Well Laid Plans","CARD.WELL_LAID_PLANS",1453.6,1500.0,2,0,2,0.0
"Defect",5,"Beam Cell","CARD.BEAM_CELL",1453.5,1530.0,13,5,8,38.5
"Defect",6,"Ice Lance","CARD.ICE_LANCE",1453.4,1500.0,2,0,2,0.0
"Defect",5,"Leap","CARD.LEAP",1453.3,1530.0,4,1,3,25.0
"Defect",6,"Smokestack","CARD.SMOKESTACK",1453.3,1500.0,2,0,2,0.0
"Defect",6,"Cold Snap","CARD.COLD_SNAP",1453.1,1500.0,2,0,2,0.0
"Silent",3,"Expose","CARD.EXPOSE",1453.1,1500.0,2,0,2,0.0
"Silent",3,"Deadly Poison","CARD.DEADLY_POISON",1453.1,1500.0,2,0,2,0.0
"Silent",3,"Untouchable","CARD.UNTOUCHABLE",1453.1,1500.0,2,0,2,0.0
"Defect",10,"Creative Ai","CARD.CREATIVE_AI",1453.0,1500.0,2,0,2,0.0
"Regent",0,"Wrought In War","CARD.WROUGHT_IN_WAR",1452.9,1500.0,3,0,3,0.0
"Ironclad",0,"Breakthrough","CARD.BREAKTHROUGH",1452.9,1500.0,3,0,3,0.0
"Ironclad",0,"Twin Strike","CARD.TWIN_STRIKE",1452.8,1500.0,3,0,3,0.0
"Ironclad",0,"Rupture","CARD.RUPTURE",1452.8,1500.0,3,0,3,0.0
"Silent",1,"Hidden Daggers","CARD.HIDDEN_DAGGERS",1452.3,1500.0,3,0,3,0.0
"Silent",1,"Noxious Fumes","CARD.NOXIOUS_FUMES",1452.3,1500.0,3,0,3,0.0
"Silent",5,"Greed","CARD.GREED",1452.2,1500.0,2,0,2,0.0
"Defect",5,"Sweeping Beam","CARD.SWEEPING_BEAM",1452.2,1500.0,4,1,3,25.0
"Ironclad",0,"Second Wind","CARD.SECOND_WIND",1452.2,1500.0,3,0,3,0.0
"Defect",10,"Modded","CARD.MODDED",1451.8,1500.0,2,0,2,0.0
"Silent",4,"Expose","CARD.EXPOSE",1451.7,1500.0,2,0,2,0.0
"Ironclad",0,"Infernal Blade","CARD.INFERNAL_BLADE",1451.5,1500.0,3,0,3,0.0
"Regent",0,"Refine Blade","CARD.REFINE_BLADE",1451.2,1500.0,3,0,3,0.0
"Defect",9,"Capacitor","CARD.CAPACITOR",1451.1,1500.0,1,0,1,0.0
"Defect",9,"Claw","CARD.CLAW",1451.1,1500.0,8,3,5,37.5
"Silent",0,"Flick Flack","CARD.FLICK_FLACK",1450.8,1520.2,8,2,6,25.0
"Necrobinder",0,"Sic Em","CARD.SIC_EM",1450.7,1500.0,3,0,3,0.0
"Defect",0,"Cold Snap","CARD.COLD_SNAP",1450.3,1500.0,3,0,3,0.0
"Defect",5,"Fight Through","CARD.FIGHT_THROUGH",1450.2,1500.0,2,0,2,0.0
"Defect",0,"Momentum Strike","CARD.MOMENTUM_STRIKE",1450.2,1500.0,3,0,3,0.0
"Defect",0,"Ball Lightning","CARD.BALL_LIGHTNING",1450.1,1500.0,3,0,3,0.0
"Necrobinder",1,"Flatten","CARD.FLATTEN",1449.9,1500.0,3,0,3,0.0
"Defect",10,"Boot Sequence","CARD.BOOT_SEQUENCE",1449.9,1536.0,4,1,3,25.0
"Silent",1,"Shadow Step","CARD.SHADOW_STEP",1449.9,1500.0,3,0,3,0.0
"Defect",6,"Glacier","CARD.GLACIER",1449.6,1500.0,2,0,2,0.0
"Defect",6,"Boost Away","CARD.BOOST_AWAY",1449.1,1505.7,4,1,3,25.0
"Defect",0,"Beam Cell","CARD.BEAM_CELL",1448.8,1500.0,3,0,3,0.0
"Defect",1,"Rainbow","CARD.RAINBOW",1448.8,1500.0,3,0,3,0.0
"Silent",5,"Dagger Throw","CARD.DAGGER_THROW",1448.8,1500.0,7,2,5,28.6
"Defect",1,"Glasswork","CARD.GLASSWORK",1448.6,1500.0,3,0,3,0.0
"Silent",1,"Expose","CARD.EXPOSE",1448.5,1500.0,3,0,3,0.0
"Defect",1,"Compact","CARD.COMPACT",1448.4,1500.0,3,0,3,0.0
"Necrobinder",0,"Right Hand Hand","CARD.RIGHT_HAND_HAND",1448.1,1500.0,3,0,3,0.0
"Necrobinder",0,"High Five","CARD.HIGH_FIVE",1448.1,1500.0,3,0,3,0.0
"Silent",5,"Backstab","CARD.BACKSTAB",1447.9,1500.0,2,0,2,0.0
"Defect",6,"Sunder","CARD.SUNDER",1447.6,1500.0,2,0,2,0.0
"Defect",0,"Thunder","CARD.THUNDER",1447.5,1500.0,3,0,3,0.0
"Regent",0,"Gamma Blast","CARD.GAMMA_BLAST",1447.3,1500.0,3,0,3,0.0
"Defect",0,"Tesla Coil","CARD.TESLA_COIL",1447.3,1500.0,6,1,5,16.7
"Defect",5,"Refract","CARD.REFRACT",1447.1,1500.0,2,0,2,0.0
"Silent",5,"Speedster","CARD.SPEEDSTER",1446.9,1500.0,2,0,2,0.0
"Regent",0,"Stardust","CARD.STARDUST",1446.8,1500.0,3,0,3,0.0
"Defect",5,"Loop","CARD.LOOP",1446.8,1500.0,5,1,4,20.0
"Defect",8,"Echo Form","CARD.ECHO_FORM",1446.8,1500.0,2,0,2,0.0
"Defect",8,"Spinner","CARD.SPINNER",1446.8,1500.0,2,0,2,0.0
"Silent",8,"Poisoned Stab","CARD.POISONED_STAB",1446.4,1500.0,2,0,2,0.0
"Silent",3,"Survivor","CARD.SURVIVOR",1446.3,1500.0,5,1,4,20.0
"Defect",6,"Capacitor","CARD.CAPACITOR",1446.1,1500.0,2,0,2,0.0
"Defect",6,"Scavenge","CARD.SCAVENGE",1445.6,1500.0,2,0,2,0.0
"Defect",1,"Loop","CARD.LOOP",1444.9,1500.0,3,0,3,0.0
"Defect",6,"Barrage","CARD.BARRAGE",1444.7,1530.7,6,2,4,33.3
"Necrobinder",0,"Apparition","CARD.APPARITION",1444.6,1500.0,3,0,3,0.0
"Defect",9,"Rocket Punch","CARD.ROCKET_PUNCH",1444.4,1505.7,4,1,3,25.0
"Defect",1,"Cold Snap","CARD.COLD_SNAP",1444.2,1500.0,3,0,3,0.0
"Silent",9,"Survivor","CARD.SURVIVOR",1444.2,1500.0,2,0,2,0.0
"Silent",9,"Ascenders Bane","CARD.ASCENDERS_BANE",1444.2,1500.0,2,0,2,0.0
"Defect",9,"Compile Driver","CARD.COMPILE_DRIVER",1444.0,1500.0,2,0,2,0.0
"Regent",0,"Collision Course","CARD.COLLISION_COURSE",1443.6,1500.0,3,0,3,0.0
"Defect",8,"Glasswork","CARD.GLASSWORK",1442.9,1500.0,2,0,2,0.0
"Silent",0,"Dagger Spray","CARD.DAGGER_SPRAY",1442.7,1500.0,3,0,3,0.0
"Regent",0,"Radiate","CARD.RADIATE",1442.6,1500.0,3,0,3,0.0
"Regent",0,"Big Bang","CARD.BIG_BANG",1442.6,1500.0,3,0,3,0.0
"Defect",8,"Fight Through","CARD.FIGHT_THROUGH",1442.3,1500.0,2,0,2,0.0
"Defect",9,"Thunder","CARD.THUNDER",1442.3,1500.0,2,0,2,0.0
"Ironclad",0,"Thunderclap","CARD.THUNDERCLAP",1441.9,1524.0,6,1,5,16.7
"Ironclad",0,"Perfected Strike","CARD.PERFECTED_STRIKE",1441.9,1524.0,6,1,5,16.7
"Defect",8,"Clumsy","CARD.CLUMSY",1441.7,1500.0,4,1,3,25.0
"Defect",6,"Rainbow","CARD.RAINBOW",1441.7,1500.0,2,0,2,0.0
"Regent",0,"Devastate","CARD.DEVASTATE",1441.0,1500.0,3,0,3,0.0
"Defect",9,"Tempest","CARD.TEMPEST",1440.7,1500.0,2,0,2,0.0
"Silent",5,"Poisoned Stab","CARD.POISONED_STAB",1440.5,1500.0,5,1,4,20.0
"Silent",0,"Backflip","CARD.BACKFLIP",1440.5,1500.0,4,0,4,0.0
"Defect",9,"Flak Cannon","CARD.FLAK_CANNON",1440.2,1500.0,2,0,2,0.0
"Necrobinder",0,"Capture Spirit","CARD.CAPTURE_SPIRIT",1440.0,1500.0,3,0,3,0.0
"Necrobinder",0,"Fear","CARD.FEAR",1440.0,1500.0,6,1,5,16.7
"Defect",9,"Compact","CARD.COMPACT",1439.9,1500.0,4,1,3,25.0
"Defect",8,"Ball Lightning","CARD.BALL_LIGHTNING",1439.7,1500.0,2,0,2,0.0
"Defect",10,"Coolheaded","CARD.COOLHEADED",1439.3,1536.0,5,1,4,20.0
"Defect",8,"Tempest","CARD.TEMPEST",1439.2,1500.0,2,0,2,0.0
"Defect",5,"Focused Strike","CARD.FOCUSED_STRIKE",1438.9,1530.0,5,1,4,20.0
"Defect",8,"All For One","CARD.ALL_FOR_ONE",1438.9,1500.0,2,0,2,0.0
"Defect",9,"Smokestack","CARD.SMOKESTACK",1438.4,1532.5,4,1,3,25.0
"Regent",0,"Alignment","CARD.ALIGNMENT",1438.3,1500.0,3,0,3,0.0
"Regent",0,"Guiding Star","CARD.GUIDING_STAR",1437.9,1500.0,3,0,3,0.0
"Defect",8,"Fear","CARD.FEAR",1437.1,1500.0,2,0,2,0.0
"Defect",8,"Momentum Strike","CARD.MOMENTUM_STRIKE",1436.4,1500.0,2,0,2,0.0
"Defect",9,"Ftl","CARD.FTL",1435.1,1506.3,4,1,3,25.0
"Defect",10,"Turbo","CARD.TURBO",1435.0,1500.0,3,0,3,0.0
"Necrobinder",0,"Neurosurge","CARD.NEUROSURGE",1435.0,1500.0,4,0,4,0.0
"Regent",0,"Hidden Cache","CARD.HIDDEN_CACHE",1434.8,1500.0,3,0,3,0.0
"Defect",6,"Hailstorm","CARD.HAILSTORM",1434.8,1500.0,3,0,3,0.0
"Silent",4,"Dagger Spray","CARD.DAGGER_SPRAY",1434.7,1500.0,3,0,3,0.0
"Silent",5,"Ricochet","CARD.RICOCHET",1433.6,1500.0,5,1,4,20.0
"Defect",1,"Focused Strike","CARD.FOCUSED_STRIKE",1433.5,1500.0,4,0,4,0.0
"Defect",5,"Boost Away","CARD.BOOST_AWAY",1432.9,1557.3,13,5,8,38.5
"Necrobinder",2,"Scourge","CARD.SCOURGE",1432.8,1500.0,4,0,4,0.0
"Defect",9,"Storm","CARD.STORM",1432.7,1500.0,2,0,2,0.0
"Defect",5,"Momentum Strike","CARD.MOMENTUM_STRIKE",1432.7,1500.0,3,0,3,0.0
"Silent",3,"Poisoned Stab","CARD.POISONED_STAB",1432.5,1500.0,3,0,3,0.0
"Defect",10,"Claw","CARD.CLAW",1431.9,1500.0,2,0,2,0.0
"Defect",8,"Leap","CARD.LEAP",1431.8,1500.0,2,0,2,0.0
"Defect",6,"Greed","CARD.GREED",1431.4,1500.0,3,0,3,0.0
"Defect",3,"Double Energy","CARD.DOUBLE_ENERGY",1430.7,1500.0,4,0,4,0.0
"Defect",10,"Beam Cell","CARD.BEAM_CELL",1430.4,1500.0,3,0,3,0.0
"Defect",1,"Go For The Eyes","CARD.GO_FOR_THE_EYES",1430.3,1500.0,4,0,4,0.0
"Defect",5,"Modded","CARD.MODDED",1429.5,1500.0,3,0,3,0.0
"Necrobinder",0,"Poke","CARD.POKE",1429.3,1524.0,6,1,5,16.7
"Defect",5,"Double Energy","CARD.DOUBLE_ENERGY",1429.0,1500.0,5,1,4,20.0
"Defect",9,"Iteration","CARD.ITERATION",1428.9,1500.0,5,1,4,20.0
"Regent",0,"Greed","CARD.GREED",1428.8,1500.0,3,0,3,0.0
"Defect",8,"Hotfix","CARD.HOTFIX",1428.7,1533.6,5,1,4,20.0
"Regent",0,"Spoils Of Battle","CARD.SPOILS_OF_BATTLE",1428.3,1500.0,4,0,4,0.0
"Regent",0,"Conqueror","CARD.CONQUEROR",1428.3,1500.0,4,0,4,0.0
"Defect",10,"Dualcast","CARD.DUALCAST",1427.9,1536.0,5,1,4,20.0
"Defect",10,"Ascenders Bane","CARD.ASCENDERS_BANE",1427.9,1536.0,5,1,4,20.0
"Defect",5,"Thunder","CARD.THUNDER",1427.8,1500.0,3,0,3,0.0
"Defect",6,"Subroutine","CARD.SUBROUTINE",1427.3,1500.0,3,0,3,0.0
"Defect",8,"Modded","CARD.MODDED",1426.0,1500.0,2,0,2,0.0
"Defect",0,"Go For The Eyes","CARD.GO_FOR_THE_EYES",1425.6,1500.0,8,1,7,12.5
"Regent",0,"Photon Cut","CARD.PHOTON_CUT",1425.6,1500.0,4,0,4,0.0
"Regent",0,"Reflect","CARD.REFLECT",1425.5,1500.0,4,0,4,0.0
"Defect",0,"Claw","CARD.CLAW",1424.8,1500.0,11,2,9,18.2
"Silent",1,"Blade Dance","CARD.BLADE_DANCE",1423.9,1500.0,5,0,5,0.0
"Defect",5,"Glasswork","CARD.GLASSWORK",1423.7,1500.0,3,0,3,0.0
"Regent",0,"Begone","CARD.BEGONE",1423.2,1500.0,4,0,4,0.0
"Ironclad",0,"Bloodletting","CARD.BLOODLETTING",1422.5,1500.0,9,1,8,11.1
"Necrobinder",0,"Reave","CARD.REAVE",1421.7,1500.0,7,1,6,14.3
"Defect",1,"Dualcast","CARD.DUALCAST",1420.1,1500.0,8,1,7,12.5
"Defect",0,"Coolheaded","CARD.COOLHEADED",1419.4,1500.0,5,0,5,0.0
"Defect",5,"Scavenge","CARD.SCAVENGE",1417.3,1500.0,3,0,3,0.0
"Defect",5,"Gunk Up","CARD.GUNK_UP",1416.4,1500.0,3,0,3,0.0
"Necrobinder",0,"Pull Aggro","CARD.PULL_AGGRO",1415.8,1500.0,5,0,5,0.0
"Regent",0,"Summon Forth","CARD.SUMMON_FORTH",1415.7,1500.0,5,0,5,0.0
"Defect",10,"Fight Through","CARD.FIGHT_THROUGH",1415.3,1500.0,4,0,4,0.0
"Silent",3,"Dagger Throw","CARD.DAGGER_THROW",1414.2,1500.0,4,0,4,0.0
"Defect",0,"Dualcast","CARD.DUALCAST",1412.3,1500.0,8,1,7,12.5
"Defect",1,"Claw","CARD.CLAW",1411.4,1500.0,6,0,6,0.0
"Defect",1,"Beam Cell","CARD.BEAM_CELL",1411.1,1500.0,5,0,5,0.0
"Defect",6,"Refract","CARD.REFRACT",1410.8,1500.0,4,0,4,0.0
"Necrobinder",0,"Rattle","CARD.RATTLE",1407.7,1500.0,5,0,5,0.0
"Defect",6,"Lightning Rod","CARD.LIGHTNING_ROD",1407.3,1525.5,6,1,5,16.7
"Silent",5,"Sucker Punch","CARD.SUCKER_PUNCH",1406.6,1500.0,4,0,4,0.0
"Defect",5,"Darkness","CARD.DARKNESS",1405.7,1500.0,4,0,4,0.0
"Defect",6,"White Noise","CARD.WHITE_NOISE",1405.6,1500.0,4,0,4,0.0
"Regent",0,"Gather Light","CARD.GATHER_LIGHT",1405.5,1500.0,5,0,5,0.0
"Defect",9,"Gunk Up","CARD.GUNK_UP",1405.4,1500.0,3,0,3,0.0
"Defect",8,"Charge Battery","CARD.CHARGE_BATTERY",1405.4,1533.6,10,3,7,30.0
"Regent",0,"Patter","CARD.PATTER",1404.5,1500.0,5,0,5,0.0
"Defect",9,"Genetic Algorithm","CARD.GENETIC_ALGORITHM",1404.4,1500.0,3,0,3,0.0
"Necrobinder",0,"Defile","CARD.DEFILE",1403.8,1500.0,5,0,5,0.0
"Regent",0,"Solar Strike","CARD.SOLAR_STRIKE",1403.4,1500.0,5,0,5,0.0
"Silent",5,"Untouchable","CARD.UNTOUCHABLE",1401.8,1500.0,4,0,4,0.0
"Silent",5,"Snakebite","CARD.SNAKEBITE",1401.5,1500.0,7,1,6,14.3
"Regent",0,"Black Hole","CARD.BLACK_HOLE",1401.0,1500.0,6,0,6,0.0
"Defect",6,"Hotfix","CARD.HOTFIX",1400.5,1500.0,4,0,4,0.0
"Defect",9,"Boost Away","CARD.BOOST_AWAY",1400.0,1532.5,8,2,6,25.0
"Defect",6,"Coolheaded","CARD.COOLHEADED",1399.8,1500.0,4,0,4,0.0
"Necrobinder",0,"Sow","CARD.SOW",1399.6,1500.0,5,0,5,0.0
"Silent",5,"Survivor","CARD.SURVIVOR",1399.3,1500.0,7,1,6,14.3
"Silent",5,"Ascenders Bane","CARD.ASCENDERS_BANE",1399.3,1500.0,7,1,6,14.3
"Regent",0,"Know Thy Place","CARD.KNOW_THY_PLACE",1398.0,1500.0,5,0,5,0.0
"Defect",6,"Beam Cell","CARD.BEAM_CELL",1397.8,1505.7,10,2,8,20.0
"Defect",9,"Glacier","CARD.GLACIER",1397.2,1500.0,6,1,5,16.7
"Regent",0,"Astral Pulse","CARD.ASTRAL_PULSE",1396.7,1500.0,6,0,6,0.0
"Defect",8,"Capacitor","CARD.CAPACITOR",1396.1,1500.0,4,0,4,0.0
"Defect",9,"Clumsy","CARD.CLUMSY",1393.8,1500.0,3,0,3,0.0
"Defect",5,"White Noise","CARD.WHITE_NOISE",1393.6,1530.0,7,1,6,14.3
"Defect",5,"Storm","CARD.STORM",1393.5,1500.0,5,0,5,0.0
"Defect",9,"Spoils Map","CARD.SPOILS_MAP",1392.8,1500.0,3,0,3,0.0
"Defect",9,"Hailstorm","CARD.HAILSTORM",1392.5,1500.0,4,0,4,0.0
"Defect",5,"Chill","CARD.CHILL",1392.4,1500.0,5,0,5,0.0
"Defect",5,"Hailstorm","CARD.HAILSTORM",1391.3,1500.0,5,0,5,0.0
"Necrobinder",0,"Snap","CARD.SNAP",1391.1,1500.0,6,0,6,0.0
"Necrobinder",0,"Flatten","CARD.FLATTEN",1387.6,1524.0,9,1,8,11.1
"Defect",5,"Hotfix","CARD.HOTFIX",1386.5,1500.0,5,0,5,0.0
"Defect",6,"Sweeping Beam","CARD.SWEEPING_BEAM",1384.7,1500.0,5,0,5,0.0
"Defect",5,"Chaos","CARD.CHAOS",1384.3,1500.0,5,0,5,0.0
"Defect",5,"Cold Snap","CARD.COLD_SNAP",1381.1,1530.0,7,1,6,14.3
"Defect",5,"Hologram","CARD.HOLOGRAM",1379.9,1500.0,9,1,8,11.1
"Defect",8,"Spoils Map","CARD.SPOILS_MAP",1379.0,1500.0,4,0,4,0.0
"Defect",8,"Cold Snap","CARD.COLD_SNAP",1376.9,1500.0,4,0,4,0.0
"Defect",9,"Cold Snap","CARD.COLD_SNAP",1376.0,1500.0,4,0,4,0.0
"Defect",9,"Focused Strike","CARD.FOCUSED_STRIKE",1375.8,1500.0,5,0,5,0.0
"Defect",8,"Uproar","CARD.UPROAR",1374.5,1500.0,8,1,7,12.5
"Regent",0,"Glow","CARD.GLOW",1370.8,1500.0,8,0,8,0.0
"Necrobinder",0,"Bodyguard","CARD.BODYGUARD",1369.9,1524.0,13,2,11,15.4
"Regent",0,"Crush Under","CARD.CRUSH_UNDER",1369.3,1500.0,8,0,8,0.0
"Necrobinder",0,"Unleash","CARD.UNLEASH",1365.1,1524.0,14,2,12,14.3
"Defect",8,"Hailstorm","CARD.HAILSTORM",1362.6,1500.0,5,0,5,0.0
"Regent",0,"Crescent Spear","CARD.CRESCENT_SPEAR",1360.0,1500.0,8,0,8,0.0
"Defect",8,"Coolheaded","CARD.COOLHEADED",1359.5,1533.6,10,2,8,20.0
"Regent",0,"Shining Strike","CARD.SHINING_STRIKE",1359.5,1500.0,9,0,9,0.0
"Defect",9,"Ball Lightning","CARD.BALL_LIGHTNING",1358.3,1500.0,5,0,5,0.0
"Silent",5,"Prepared","CARD.PREPARED",1357.1,1500.0,7,0,7,0.0
"Defect",6,"Null","CARD.NULL",1355.8,1500.0,7,0,7,0.0
"Defect",9,"Hologram","CARD.HOLOGRAM",1354.6,1500.0,8,1,7,12.5
"Defect",9,"Turbo","CARD.TURBO",1352.4,1537.5,11,3,8,27.3
"Defect",6,"Compact","CARD.COMPACT",1350.9,1500.0,7,0,7,0.0
"Defect",5,"Coolheaded","CARD.COOLHEADED",1349.5,1530.0,13,2,11,15.4
"Defect",6,"Dualcast","CARD.DUALCAST",1349.4,1505.7,13,2,11,15.4
"Defect",6,"Ascenders Bane","CARD.ASCENDERS_BANE",1349.4,1505.7,13,2,11,15.4
"Defect",5,"Ascenders Bane","CARD.ASCENDERS_BANE",1345.5,1530.0,17,3,14,17.6
"Defect",5,"Ball Lightning","CARD.BALL_LIGHTNING",1335.7,1500.0,13,1,12,7.7
"Defect",9,"Coolheaded","CARD.COOLHEADED",1333.2,1500.0,9,1,8,11.1
"Defect",6,"Turbo","CARD.TURBO",1328.4,1500.0,9,0,9,0.0
"Regent",0,"Falling Star","CARD.FALLING_STAR",1322.5,1500.0,12,0,12,0.0
"Defect",5,"Dualcast","CARD.DUALCAST",1319.3,1530.0,16,2,14,12.5
"Defect",9,"Uproar","CARD.UPROAR",1316.0,1500.0,7,0,7,0.0
"Regent",0,"Venerate","CARD.VENERATE",1313.7,1500.0,14,0,14,0.0
"Defect",8,"Hologram","CARD.HOLOGRAM",1304.5,1533.6,10,1,9,10.0
"Defect",8,"Dualcast","CARD.DUALCAST",1303.8,1533.6,15,2,13,13.3
"Defect",8,"Ascenders Bane","CARD.ASCENDERS_BANE",1303.8,1533.6,15,2,13,13.3
"Defect",9,"Dualcast","CARD.DUALCAST",1273.0,1500.0,18,2,16,11.1
"Defect",9,"Ascenders Bane","CARD.ASCENDERS_BANE",1273.0,1500.0,18,2,16,11.1
"Defect",8,"Claw","CARD.CLAW",1234.2,1500.0,14,0,14,0.0